<?xml version="1.0" encoding="UTF-8"?>
<ApprovalProcess xmlns="http://soap.sforce.com/2006/04/metadata">
    <active>true</active>
    <allowRecall>true</allowRecall>
    <allowedSubmitters>
        <type>owner</type>
    </allowedSubmitters>
    <allowedSubmitters>
        <submitter>AdminB</submitter>
        <type>role</type>
    </allowedSubmitters>
    <approvalPageFields>
        <field>CaseNumber</field>
        <field>Contact</field>
        <field>Type__c</field>
        <field>Priority</field>
        <field>Owner</field>
    </approvalPageFields>
    <approvalStep>
        <allowDelegate>true</allowDelegate>
        <assignedApprover>
            <approver>
                <name>cristian.tanase@garrettmotion.com</name>
                <type>user</type>
            </approver>
            <approver>
                <name>prakash.chinnasamy@garrettmotion.com</name>
                <type>user</type>
            </approver>
            <whenMultipleApprovers>FirstResponse</whenMultipleApprovers>
        </assignedApprover>
        <label>Approval by Admin</label>
        <name>Approval_by_Admin</name>
    </approvalStep>
    <approvalStep>
        <allowDelegate>true</allowDelegate>
        <assignedApprover>
            <approver>
                <name>satheeshkumar.bheemarapu@honeywell.com.ts</name>
                <type>user</type>
            </approver>
            <whenMultipleApprovers>FirstResponse</whenMultipleApprovers>
        </assignedApprover>
        <label>Approval by Satheesh</label>
        <name>Approval_by_Satheesh</name>
        <rejectBehavior>
            <type>RejectRequest</type>
        </rejectBehavior>
    </approvalStep>
    <description>TS Support cases</description>
    <emailTemplate>Admin_Email_Templates/Cases_Deployment_Approval_Requested</emailTemplate>
    <enableMobileDeviceAccess>false</enableMobileDeviceAccess>
    <entryCriteria>
        <criteriaItems>
            <field>Case.RecordType</field>
            <operation>equals</operation>
            <value>TS Support Cases</value>
        </criteriaItems>
        <criteriaItems>
            <field>Case.Deployment_Details__c</field>
            <operation>notEqual</operation>
        </criteriaItems>
        <criteriaItems>
            <field>Case.Status</field>
            <operation>equals</operation>
            <value>Need ok for deploy</value>
        </criteriaItems>
    </entryCriteria>
    <finalApprovalActions>
        <action>
            <name>Approved_status_update</name>
            <type>FieldUpdate</type>
        </action>
        <action>
            <name>Cases_Deployment_Approved</name>
            <type>Alert</type>
        </action>
    </finalApprovalActions>
    <finalApprovalRecordLock>false</finalApprovalRecordLock>
    <finalRejectionActions>
        <action>
            <name>Cases_Deployment_Rejected</name>
            <type>Alert</type>
        </action>
        <action>
            <name>Rejected_status_update</name>
            <type>FieldUpdate</type>
        </action>
    </finalRejectionActions>
    <finalRejectionRecordLock>false</finalRejectionRecordLock>
    <label>Case Approval for Deploy</label>
    <recordEditability>AdminOrCurrentApprover</recordEditability>
    <showApprovalHistory>false</showApprovalHistory>
</ApprovalProcess>
