<?xml version="1.0" encoding="UTF-8"?>
<ApprovalProcess xmlns="http://soap.sforce.com/2006/04/metadata">
    <active>true</active>
    <allowRecall>false</allowRecall>
    <allowedSubmitters>
        <type>owner</type>
    </allowedSubmitters>
    <approvalPageFields>
        <field>CaseNumber</field>
        <field>Owner</field>
    </approvalPageFields>
    <approvalStep>
        <allowDelegate>false</allowDelegate>
        <approvalActions>
            <action>
                <name>Service_Approved</name>
                <type>FieldUpdate</type>
            </action>
            <action>
                <name>X2nd_Step_Approval_Area</name>
                <type>Alert</type>
            </action>
        </approvalActions>
        <assignedApprover>
            <approver>
                <name>zhigang.chen@garrettmotion.com</name>
                <type>user</type>
            </approver>
            <whenMultipleApprovers>FirstResponse</whenMultipleApprovers>
        </assignedApprover>
        <label>Service Approval Process</label>
        <name>ServiceApprovalProcess</name>
        <rejectionActions>
            <action>
                <name>ServiceReject</name>
                <type>FieldUpdate</type>
            </action>
        </rejectionActions>
    </approvalStep>
    <approvalStep>
        <allowDelegate>false</allowDelegate>
        <approvalActions>
            <action>
                <name>Area_Approve</name>
                <type>FieldUpdate</type>
            </action>
        </approvalActions>
        <assignedApprover>
            <approver>
                <name>AreaManager__c</name>
                <type>relatedUserField</type>
            </approver>
            <whenMultipleApprovers>FirstResponse</whenMultipleApprovers>
        </assignedApprover>
        <entryCriteria>
            <criteriaItems>
                <field>Case.Status</field>
                <operation>equals</operation>
                <value>Service Approved</value>
            </criteriaItems>
        </entryCriteria>
        <label>Area Approval Process</label>
        <name>Area_Approval_Process</name>
        <rejectBehavior>
            <type>RejectRequest</type>
        </rejectBehavior>
        <rejectionActions>
            <action>
                <name>Area_Reject</name>
                <type>FieldUpdate</type>
            </action>
        </rejectionActions>
    </approvalStep>
    <emailTemplate>HTT_EWarranty_Process/HTT_E_warranty_notice_from_TI</emailTemplate>
    <enableMobileDeviceAccess>false</enableMobileDeviceAccess>
    <entryCriteria>
        <booleanFilter>1 AND (2 OR 4) AND 3</booleanFilter>
        <criteriaItems>
            <field>Case.Status</field>
            <operation>equals</operation>
            <value>Activated</value>
        </criteriaItems>
        <criteriaItems>
            <field>Case.RecordType</field>
            <operation>equals</operation>
            <value>HTT Garrett Claim Request</value>
        </criteriaItems>
        <criteriaItems>
            <field>Case.DealersOpinion__c</field>
            <operation>notEqual</operation>
        </criteriaItems>
        <criteriaItems>
            <field>Case.RecordType</field>
            <operation>equals</operation>
            <value>HTT Garrett Claim Request Read Only</value>
        </criteriaItems>
    </entryCriteria>
    <finalApprovalActions>
        <action>
            <name>HTT_Claim_Request_Approvement_T1</name>
            <type>Alert</type>
        </action>
        <action>
            <name>HTT_Claim_Request_Approvement_T2</name>
            <type>Alert</type>
        </action>
    </finalApprovalActions>
    <finalApprovalRecordLock>true</finalApprovalRecordLock>
    <finalRejectionActions>
        <action>
            <name>HTT_E_warranty_Rejection_T2</name>
            <type>Alert</type>
        </action>
        <action>
            <name>HTTEwarranty_Rejection_T1</name>
            <type>Alert</type>
        </action>
    </finalRejectionActions>
    <finalRejectionRecordLock>true</finalRejectionRecordLock>
    <initialSubmissionActions>
        <action>
            <name>Update_Status</name>
            <type>FieldUpdate</type>
        </action>
    </initialSubmissionActions>
    <label>HTT Claim Request Approval Process</label>
    <recordEditability>AdminOnly</recordEditability>
    <showApprovalHistory>false</showApprovalHistory>
</ApprovalProcess>
