<?xml version="1.0" encoding="UTF-8"?>
<ApprovalProcess xmlns="http://soap.sforce.com/2006/04/metadata">
    <active>true</active>
    <allowRecall>true</allowRecall>
    <allowedSubmitters>
        <type>owner</type>
    </allowedSubmitters>
    <allowedSubmitters>
        <submitter>ezio.valceschini@garrettmotion.com</submitter>
        <type>user</type>
    </allowedSubmitters>
    <approvalPageFields>
        <field>Name</field>
        <field>Approve_Amount__c</field>
        <field>Owner</field>
    </approvalPageFields>
    <approvalStep>
        <allowDelegate>false</allowDelegate>
        <assignedApprover>
            <approver>
                <name>clement.devalon@garrettmotion.com</name>
                <type>user</type>
            </approver>
            <whenMultipleApprovers>FirstResponse</whenMultipleApprovers>
        </assignedApprover>
        <description>approval required from Clement de Valon if Total price &gt; 500 EURO</description>
        <label>Approval from Clement de Valon</label>
        <name>approval_from_Clement_de_Valon</name>
        <rejectionActions>
            <action>
                <name>Claim_Reject_Status</name>
                <type>FieldUpdate</type>
            </action>
        </rejectionActions>
    </approvalStep>
    <description>Approval required from Clement de Valon for Total &gt;500 EURO</description>
    <emailTemplate>eWarranty/Notification_for_approval_from_Clement_de_Valon</emailTemplate>
    <enableMobileDeviceAccess>true</enableMobileDeviceAccess>
    <entryCriteria>
        <formula>IF( AND(Approve_Amount__c &gt;=500, AccountRegion__c == &#39;Europe&#39;, ISPICKVAL( Claim_Type__c ,&#39;Turbo Failure&#39;) ),true, false)</formula>
    </entryCriteria>
    <finalApprovalRecordLock>false</finalApprovalRecordLock>
    <finalRejectionRecordLock>false</finalRejectionRecordLock>
    <label>Approval of Total &gt; 500 EURO</label>
    <recordEditability>AdminOrCurrentApprover</recordEditability>
    <showApprovalHistory>true</showApprovalHistory>
</ApprovalProcess>
