<?xml version="1.0" encoding="UTF-8"?>
<ApprovalProcess xmlns="http://soap.sforce.com/2006/04/metadata">
    <active>true</active>
    <allowRecall>true</allowRecall>
    <allowedSubmitters>
        <type>owner</type>
    </allowedSubmitters>
    <allowedSubmitters>
        <submitter>deborah.zink@garrettmotion.com</submitter>
        <type>user</type>
    </allowedSubmitters>
    <allowedSubmitters>
        <submitter>kari.bye@garrettmotion.com</submitter>
        <type>user</type>
    </allowedSubmitters>
    <approvalPageFields>
        <field>Name</field>
        <field>Owner</field>
        <field>AccountRegion__c</field>
        <field>Claim_Type__c</field>
        <field>Installation_cost__c</field>
        <field>Labor_Cost__c</field>
        <field>Labor_Installation_Cost_del__c</field>
        <field>Turbo_Cost__c</field>
    </approvalPageFields>
    <approvalStep>
        <allowDelegate>false</allowDelegate>
        <approvalActions>
            <action>
                <name>Credit_Approval_Check</name>
                <type>FieldUpdate</type>
            </action>
            <action>
                <name>IsApprove</name>
                <type>FieldUpdate</type>
            </action>
        </approvalActions>
        <assignedApprover>
            <approver>
                <name>kari.bye@garrettmotion.com</name>
                <type>user</type>
            </approver>
            <whenMultipleApprovers>FirstResponse</whenMultipleApprovers>
        </assignedApprover>
        <entryCriteria>
            <criteriaItems>
                <field>Claim__c.Claim_Type__c</field>
                <operation>equals</operation>
                <value>Turbo Failure</value>
            </criteriaItems>
            <criteriaItems>
                <field>Claim__c.AccountRegion__c</field>
                <operation>equals</operation>
                <value>North America</value>
            </criteriaItems>
            <criteriaItems>
                <field>Claim__c.Approve_Amount__c</field>
                <operation>greaterOrEqual</operation>
                <value>USD 500</value>
            </criteriaItems>
            <criteriaItems>
                <field>Claim__c.Status__c</field>
                <operation>equals</operation>
                <value>Credit Issue</value>
            </criteriaItems>
        </entryCriteria>
        <ifCriteriaNotMet>GotoNextStep</ifCriteriaNotMet>
        <label>Sales Director Step</label>
        <name>Credit_Manager_Step_v1</name>
        <rejectionActions>
            <action>
                <name>Claim_Reject_Status</name>
                <type>FieldUpdate</type>
            </action>
            <action>
                <name>Rejected_Notification</name>
                <type>Alert</type>
            </action>
        </rejectionActions>
    </approvalStep>
    <approvalStep>
        <allowDelegate>false</allowDelegate>
        <approvalActions>
            <action>
                <name>Sales_Manager_Approve</name>
                <type>FieldUpdate</type>
            </action>
        </approvalActions>
        <assignedApprover>
            <approver>
                <name>Next_Approver__c</name>
                <type>relatedUserField</type>
            </approver>
            <whenMultipleApprovers>FirstResponse</whenMultipleApprovers>
        </assignedApprover>
        <label>Sales Manager Step</label>
        <name>Sales_Manager_Step_v1</name>
        <rejectBehavior>
            <type>RejectRequest</type>
        </rejectBehavior>
        <rejectionActions>
            <action>
                <name>notify_finance_team_to_process_amount</name>
                <type>Alert</type>
            </action>
            <action>
                <name>Sales_manager_Reject_Update</name>
                <type>FieldUpdate</type>
            </action>
        </rejectionActions>
    </approvalStep>
    <description>It includes when labour cost is &gt; 200 and turbo cost is  &gt; 500</description>
    <emailTemplate>eWarranty/Credit_Adjustment_notification_NA_for_Sales_Manager_Credit_Manager_v1</emailTemplate>
    <enableMobileDeviceAccess>false</enableMobileDeviceAccess>
    <entryCriteria>
        <booleanFilter>1 AND 2 AND 3 AND 4 AND 5</booleanFilter>
        <criteriaItems>
            <field>Claim__c.AccountRegion__c</field>
            <operation>equals</operation>
            <value>North America</value>
        </criteriaItems>
        <criteriaItems>
            <field>Claim__c.Claim_Type__c</field>
            <operation>equals</operation>
            <value>Turbo Failure</value>
        </criteriaItems>
        <criteriaItems>
            <field>Claim__c.Status__c</field>
            <operation>equals</operation>
            <value>Credit Issue</value>
        </criteriaItems>
        <criteriaItems>
            <field>Claim__c.Installation_Labour_Cost_Total__c</field>
            <operation>greaterOrEqual</operation>
            <value>USD 200</value>
        </criteriaItems>
        <criteriaItems>
            <field>Claim__c.Approve_Amount__c</field>
            <operation>greaterOrEqual</operation>
            <value>USD 500</value>
        </criteriaItems>
    </entryCriteria>
    <finalApprovalActions>
        <action>
            <name>notify_finance_team_to_process_amount</name>
            <type>Alert</type>
        </action>
    </finalApprovalActions>
    <finalApprovalRecordLock>false</finalApprovalRecordLock>
    <finalRejectionRecordLock>false</finalRejectionRecordLock>
    <label>Sales &amp; Credit Manager Approval_NA Regio</label>
    <recordEditability>AdminOnly</recordEditability>
    <showApprovalHistory>true</showApprovalHistory>
</ApprovalProcess>
