<?xml version="1.0" encoding="UTF-8"?>
<ApprovalProcess xmlns="http://soap.sforce.com/2006/04/metadata">
    <active>true</active>
    <allowRecall>true</allowRecall>
    <allowedSubmitters>
        <type>owner</type>
    </allowedSubmitters>
    <allowedSubmitters>
        <submitter>deborah.zink@garrettmotion.com</submitter>
        <type>user</type>
    </allowedSubmitters>
    <allowedSubmitters>
        <submitter>kari.bye@garrettmotion.com</submitter>
        <type>user</type>
    </allowedSubmitters>
    <approvalPageFields>
        <field>Name</field>
        <field>Approve_Amount__c</field>
        <field>Owner</field>
    </approvalPageFields>
    <approvalStep>
        <allowDelegate>false</allowDelegate>
        <assignedApprover>
            <approver>
                <name>kari.bye@garrettmotion.com</name>
                <type>user</type>
            </approver>
            <whenMultipleApprovers>FirstResponse</whenMultipleApprovers>
        </assignedApprover>
        <description>approval required from NA Sales Director if Total price &gt; 500 USD</description>
        <label>Approval from NA Sales Director</label>
        <name>Approval_from_NA_Sales_Director</name>
        <rejectionActions>
            <action>
                <name>Claim_Reject_Status</name>
                <type>FieldUpdate</type>
            </action>
        </rejectionActions>
    </approvalStep>
    <description>Approval required from NA Sales Director for Total &gt;500 USD</description>
    <emailTemplate>eWarranty/Notification_for_approval_from_NA_Sales_Director</emailTemplate>
    <enableMobileDeviceAccess>true</enableMobileDeviceAccess>
    <entryCriteria>
        <formula>IF( AND(Approve_Amount__c &gt;=500, AccountRegion__c == &#39;North America&#39;, ISPICKVAL( Claim_Type__c ,&#39;Turbo Failure&#39;) ),true, false)</formula>
    </entryCriteria>
    <finalApprovalRecordLock>false</finalApprovalRecordLock>
    <finalRejectionRecordLock>false</finalRejectionRecordLock>
    <label>Approval of Total &gt; 500 USD</label>
    <recordEditability>AdminOrCurrentApprover</recordEditability>
    <showApprovalHistory>true</showApprovalHistory>
</ApprovalProcess>
