<?xml version="1.0" encoding="UTF-8"?>
<ApprovalProcess xmlns="http://soap.sforce.com/2006/04/metadata">
    <active>true</active>
    <allowRecall>true</allowRecall>
    <allowedSubmitters>
        <type>owner</type>
    </allowedSubmitters>
    <allowedSubmitters>
        <submitter>deborah.zink@garrettmotion.com</submitter>
        <type>user</type>
    </allowedSubmitters>
    <allowedSubmitters>
        <submitter>kari.bye@garrettmotion.com</submitter>
        <type>user</type>
    </allowedSubmitters>
    <approvalPageFields>
        <field>Owner</field>
        <field>Name</field>
        <field>Claim_Type__c</field>
        <field>Invoice_No__c</field>
        <field>Part_Number__c</field>
        <field>Installation_cost__c</field>
        <field>Labor_Cost__c</field>
        <field>Labor_Installation_Cost_del__c</field>
    </approvalPageFields>
    <approvalStep>
        <allowDelegate>false</allowDelegate>
        <assignedApprover>
            <approver>
                <name>Next_Approver__c</name>
                <type>relatedUserField</type>
            </approver>
            <whenMultipleApprovers>FirstResponse</whenMultipleApprovers>
        </assignedApprover>
        <description>When Labor cost and Installation cost is there</description>
        <label>Sales Manager Step</label>
        <name>Sales_Manager_Step</name>
    </approvalStep>
    <description>Approval required from Sales Manager for Labour and Installation &gt;200 USD</description>
    <emailTemplate>eWarranty/Credit_Adjustment_notification_NA_for_Sales_Manager_Template</emailTemplate>
    <enableMobileDeviceAccess>true</enableMobileDeviceAccess>
    <entryCriteria>
        <criteriaItems>
            <field>Claim__c.Claim_Type__c</field>
            <operation>equals</operation>
            <value>Turbo Failure</value>
        </criteriaItems>
        <criteriaItems>
            <field>Claim__c.AccountRegion__c</field>
            <operation>equals</operation>
            <value>North America</value>
        </criteriaItems>
        <criteriaItems>
            <field>Claim__c.Status__c</field>
            <operation>equals</operation>
            <value>Credit Issue</value>
        </criteriaItems>
        <criteriaItems>
            <field>Claim__c.Installation_Labour_Cost_Total__c</field>
            <operation>greaterOrEqual</operation>
            <value>USD 200</value>
        </criteriaItems>
        <criteriaItems>
            <field>Claim__c.Approve_Amount__c</field>
            <operation>lessOrEqual</operation>
            <value>USD 500</value>
        </criteriaItems>
    </entryCriteria>
    <finalApprovalRecordLock>false</finalApprovalRecordLock>
    <finalRejectionRecordLock>false</finalRejectionRecordLock>
    <label>Sales Manager Approval Process NA Region</label>
    <recordEditability>AdminOrCurrentApprover</recordEditability>
    <showApprovalHistory>true</showApprovalHistory>
</ApprovalProcess>
