<?xml version="1.0" encoding="UTF-8"?>
<ApprovalProcess xmlns="http://soap.sforce.com/2006/04/metadata">
    <active>true</active>
    <allowRecall>true</allowRecall>
    <allowedSubmitters>
        <submitter>AMERICA_PM_Init_Submitters</submitter>
        <type>group</type>
    </allowedSubmitters>
    <allowedSubmitters>
        <submitter>BRASIL_PM_Init_Submitters</submitter>
        <type>group</type>
    </allowedSubmitters>
    <allowedSubmitters>
        <submitter>CHINA_PM_Init_Submitters</submitter>
        <type>group</type>
    </allowedSubmitters>
    <allowedSubmitters>
        <submitter>EMEA_PM_Init_Submitters</submitter>
        <type>group</type>
    </allowedSubmitters>
    <allowedSubmitters>
        <submitter>INDIA_PM_Init_Submitters</submitter>
        <type>group</type>
    </allowedSubmitters>
    <allowedSubmitters>
        <submitter>JAPAN_PM_Init_Submitters</submitter>
        <type>group</type>
    </allowedSubmitters>
    <allowedSubmitters>
        <submitter>KOREA_PM_Init_Submitters</submitter>
        <type>group</type>
    </allowedSubmitters>
    <allowedSubmitters>
        <type>owner</type>
    </allowedSubmitters>
    <approvalPageFields>
        <field>Name</field>
        <field>Price_Variant__c</field>
        <field>Product__c</field>
        <field>Market_Segment__c</field>
        <field>Model_Group__c</field>
        <field>Product_Family__c</field>
        <field>Application_Id_OES__c</field>
        <field>Customer_PN_OEM__c</field>
        <field>Customer_PN_OES__c</field>
    </approvalPageFields>
    <approvalStep>
        <allowDelegate>true</allowDelegate>
        <assignedApprover>
            <approver>
                <name>HTT_EMEA_SalesAdmin</name>
                <type>queue</type>
            </approver>
            <whenMultipleApprovers>FirstResponse</whenMultipleApprovers>
        </assignedApprover>
        <entryCriteria>
            <criteriaItems>
                <field>HTT_OEM_Price_Material__c.Region__c</field>
                <operation>equals</operation>
                <value>Europe</value>
            </criteriaItems>
        </entryCriteria>
        <ifCriteriaNotMet>GotoNextStep</ifCriteriaNotMet>
        <label>Step 1</label>
        <name>Step_1</name>
    </approvalStep>
    <approvalStep>
        <allowDelegate>true</allowDelegate>
        <approvalActions>
            <action>
                <name>Additional_Notification_Update_IN</name>
                <type>FieldUpdate</type>
            </action>
        </approvalActions>
        <assignedApprover>
            <approver>
                <name>HTT_EMEA_SalesAdmin</name>
                <type>queue</type>
            </approver>
            <whenMultipleApprovers>FirstResponse</whenMultipleApprovers>
        </assignedApprover>
        <entryCriteria>
            <criteriaItems>
                <field>HTT_OEM_Price_Material__c.Region__c</field>
                <operation>equals</operation>
                <value>India</value>
            </criteriaItems>
        </entryCriteria>
        <ifCriteriaNotMet>GotoNextStep</ifCriteriaNotMet>
        <label>Step 1</label>
        <name>Step_1_3</name>
        <rejectBehavior>
            <type>RejectRequest</type>
        </rejectBehavior>
    </approvalStep>
    <approvalStep>
        <allowDelegate>true</allowDelegate>
        <assignedApprover>
            <approver>
                <name>HTT_JAPAN_PartApp</name>
                <type>queue</type>
            </approver>
            <whenMultipleApprovers>FirstResponse</whenMultipleApprovers>
        </assignedApprover>
        <entryCriteria>
            <criteriaItems>
                <field>HTT_OEM_Price_Material__c.Region__c</field>
                <operation>equals</operation>
                <value>Japan</value>
            </criteriaItems>
        </entryCriteria>
        <ifCriteriaNotMet>GotoNextStep</ifCriteriaNotMet>
        <label>Step 1</label>
        <name>Step_1_4</name>
        <rejectBehavior>
            <type>RejectRequest</type>
        </rejectBehavior>
    </approvalStep>
    <approvalStep>
        <allowDelegate>true</allowDelegate>
        <approvalActions>
            <action>
                <name>Additional_Notification_Update_NA</name>
                <type>FieldUpdate</type>
            </action>
        </approvalActions>
        <assignedApprover>
            <approver>
                <name>HTT_AMERICA_PartApp</name>
                <type>queue</type>
            </approver>
            <whenMultipleApprovers>FirstResponse</whenMultipleApprovers>
        </assignedApprover>
        <entryCriteria>
            <criteriaItems>
                <field>HTT_OEM_Price_Material__c.Region__c</field>
                <operation>equals</operation>
                <value>North America</value>
            </criteriaItems>
        </entryCriteria>
        <ifCriteriaNotMet>GotoNextStep</ifCriteriaNotMet>
        <label>Step 1</label>
        <name>Step_1_5</name>
        <rejectBehavior>
            <type>RejectRequest</type>
        </rejectBehavior>
    </approvalStep>
    <approvalStep>
        <allowDelegate>true</allowDelegate>
        <assignedApprover>
            <approver>
                <name>HTT_KOREA_Sales_Support</name>
                <type>queue</type>
            </approver>
            <whenMultipleApprovers>FirstResponse</whenMultipleApprovers>
        </assignedApprover>
        <entryCriteria>
            <criteriaItems>
                <field>HTT_OEM_Price_Material__c.Region__c</field>
                <operation>equals</operation>
                <value>Korea</value>
            </criteriaItems>
        </entryCriteria>
        <ifCriteriaNotMet>GotoNextStep</ifCriteriaNotMet>
        <label>Step 1</label>
        <name>Step_1_6</name>
        <rejectBehavior>
            <type>RejectRequest</type>
        </rejectBehavior>
    </approvalStep>
    <approvalStep>
        <allowDelegate>true</allowDelegate>
        <assignedApprover>
            <approver>
                <name>HTT_BRASIL_PartApp</name>
                <type>queue</type>
            </approver>
            <whenMultipleApprovers>FirstResponse</whenMultipleApprovers>
        </assignedApprover>
        <entryCriteria>
            <criteriaItems>
                <field>HTT_OEM_Price_Material__c.Region__c</field>
                <operation>equals</operation>
                <value>South America</value>
            </criteriaItems>
        </entryCriteria>
        <label>Step 1</label>
        <name>Step_1_7</name>
        <rejectBehavior>
            <type>RejectRequest</type>
        </rejectBehavior>
    </approvalStep>
    <emailTemplate>HTT_OE_Templates/HTT_OEM_ePricing_New_Material_email_PA</emailTemplate>
    <enableMobileDeviceAccess>false</enableMobileDeviceAccess>
    <entryCriteria>
        <criteriaItems>
            <field>HTT_OEM_Price_Material__c.Status__c</field>
            <operation>equals</operation>
            <value>Open,Partial Approved</value>
        </criteriaItems>
        <criteriaItems>
            <field>HTT_OEM_Price_Material__c.Attachment_Added__c</field>
            <operation>equals</operation>
            <value>False</value>
        </criteriaItems>
    </entryCriteria>
    <finalApprovalActions>
        <action>
            <name>Email_Notification_Material_Approved</name>
            <type>Alert</type>
        </action>
        <action>
            <name>Update_Status_End_PartApp</name>
            <type>FieldUpdate</type>
        </action>
    </finalApprovalActions>
    <finalApprovalRecordLock>false</finalApprovalRecordLock>
    <finalRejectionActions>
        <action>
            <name>Email_Notification_Approval_Rejected</name>
            <type>Alert</type>
        </action>
        <action>
            <name>Update_Status_End_PartApp</name>
            <type>FieldUpdate</type>
        </action>
    </finalRejectionActions>
    <finalRejectionRecordLock>false</finalRejectionRecordLock>
    <initialSubmissionActions>
        <action>
            <name>Set_Initial_Submitter</name>
            <type>FieldUpdate</type>
        </action>
        <action>
            <name>Update_Status_Start</name>
            <type>FieldUpdate</type>
        </action>
    </initialSubmissionActions>
    <label>HTT OEM New Price Material PartApproval</label>
    <recallActions>
        <action>
            <name>Update_Status_Open</name>
            <type>FieldUpdate</type>
        </action>
    </recallActions>
    <recordEditability>AdminOnly</recordEditability>
    <showApprovalHistory>true</showApprovalHistory>
</ApprovalProcess>
