<?xml version="1.0" encoding="UTF-8"?>
<ApprovalProcess xmlns="http://soap.sforce.com/2006/04/metadata">
    <active>true</active>
    <allowRecall>true</allowRecall>
    <allowedSubmitters>
        <type>creator</type>
    </allowedSubmitters>
    <allowedSubmitters>
        <type>owner</type>
    </allowedSubmitters>
    <approvalPageFields>
        <field>Name</field>
        <field>Approval_Status__c</field>
        <field>Commodity_Risk_Status__c</field>
        <field>Commodity_Risk__c</field>
        <field>Competition__c</field>
        <field>Competition_Status__c</field>
        <field>Cost_Curve__c</field>
        <field>Cost_Curve_Status__c</field>
        <field>Cost_to_Serve__c</field>
        <field>CostToServe_Status__c</field>
        <field>CurrentTargetHTT_SOD__c</field>
        <field>CurrentTarget_HTT_SOD_Status__c</field>
        <field>Differentiation__c</field>
        <field>Differentiation_Status__c</field>
        <field>End_Market__c</field>
        <field>End_Market_Status__c</field>
        <field>FX_Risk__c</field>
        <field>FX_Risk_Status__c</field>
        <field>LTA_Quick_Savings__c</field>
        <field>LTA_Quick_Savings_Status__c</field>
        <field>Price_Premiumfor_Services__c</field>
        <field>Price_Premium_for_Services_Status__c</field>
        <field>Product_Standardization__c</field>
        <field>Product_Standardization_Status__c</field>
        <field>Purchasing_Power__c</field>
        <field>Purchasing_Power_Status__c</field>
        <field>Ranked_Needs__c</field>
        <field>Ranked_Needs_Status__c</field>
        <field>Schedule_Risk__c</field>
        <field>Schedule_Risk_Status__c</field>
        <field>Segment__c</field>
        <field>Segment_Status__c</field>
        <field>Service_Model__c</field>
        <field>Service_Model_Status__c</field>
        <field>ShareonOE_Turbo_Spend__c</field>
        <field>ShareonOE_Turbo_Spend_Status__c</field>
        <field>Supply_Demand_Landscape__c</field>
        <field>Supply_Demand_Landscape_Status__c</field>
        <field>Willingness_to_Pay__c</field>
        <field>Willingness_to_Pay_Status__c</field>
    </approvalPageFields>
    <approvalStep>
        <allowDelegate>false</allowDelegate>
        <assignedApprover>
            <approver>
                <name>charlie.min@garrettmotion.com</name>
                <type>user</type>
            </approver>
            <approver>
                <name>gurmeet.kaur2@honeywell.com</name>
                <type>user</type>
            </approver>
            <approver>
                <name>manuel.corsetti@garrettmotion.com</name>
                <type>user</type>
            </approver>
            <approver>
                <name>mark.rodrigues@garrettmotion.com</name>
                <type>user</type>
            </approver>
            <approver>
                <name>wonju.jung@garrettmotion.com</name>
                <type>user</type>
            </approver>
            <whenMultipleApprovers>FirstResponse</whenMultipleApprovers>
        </assignedApprover>
        <entryCriteria>
            <criteriaItems>
                <field>Opportunity.Vertical__c</field>
                <operation>equals</operation>
                <value>LVG</value>
            </criteriaItems>
        </entryCriteria>
        <ifCriteriaNotMet>GotoNextStep</ifCriteriaNotMet>
        <label>Step 1</label>
        <name>Step_1</name>
    </approvalStep>
    <approvalStep>
        <allowDelegate>false</allowDelegate>
        <assignedApprover>
            <approver>
                <name>charlie.min@garrettmotion.com</name>
                <type>user</type>
            </approver>
            <approver>
                <name>fabrice.michalet@garrettmotion.com</name>
                <type>user</type>
            </approver>
            <approver>
                <name>gurmeet.kaur2@honeywell.com</name>
                <type>user</type>
            </approver>
            <approver>
                <name>jean-philippe.schmitt@garrettmotion.com</name>
                <type>user</type>
            </approver>
            <approver>
                <name>wonju.jung@garrettmotion.com</name>
                <type>user</type>
            </approver>
            <whenMultipleApprovers>FirstResponse</whenMultipleApprovers>
        </assignedApprover>
        <entryCriteria>
            <criteriaItems>
                <field>Opportunity.Vertical__c</field>
                <operation>equals</operation>
                <value>LVD</value>
            </criteriaItems>
        </entryCriteria>
        <ifCriteriaNotMet>GotoNextStep</ifCriteriaNotMet>
        <label>Step 2</label>
        <name>Step_2</name>
        <rejectBehavior>
            <type>RejectRequest</type>
        </rejectBehavior>
    </approvalStep>
    <approvalStep>
        <allowDelegate>false</allowDelegate>
        <assignedApprover>
            <approver>
                <name>aileen.mcdowall@garrettmotion.com.ts</name>
                <type>user</type>
            </approver>
            <approver>
                <name>charlie.min@garrettmotion.com</name>
                <type>user</type>
            </approver>
            <approver>
                <name>gurmeet.kaur2@honeywell.com</name>
                <type>user</type>
            </approver>
            <approver>
                <name>matthew.belk@garrettmotion.com.ts</name>
                <type>user</type>
            </approver>
            <approver>
                <name>wonju.jung@garrettmotion.com</name>
                <type>user</type>
            </approver>
            <whenMultipleApprovers>FirstResponse</whenMultipleApprovers>
        </assignedApprover>
        <entryCriteria>
            <criteriaItems>
                <field>Opportunity.Vertical__c</field>
                <operation>equals</operation>
                <value>ON HWY,OFF HWY,XXL</value>
            </criteriaItems>
        </entryCriteria>
        <ifCriteriaNotMet>GotoNextStep</ifCriteriaNotMet>
        <label>Step 3</label>
        <name>Step_3</name>
        <rejectBehavior>
            <type>RejectRequest</type>
        </rejectBehavior>
    </approvalStep>
    <approvalStep>
        <allowDelegate>false</allowDelegate>
        <assignedApprover>
            <approver>
                <name>lutz.glaeser@garrettmotion.com</name>
                <type>user</type>
            </approver>
            <whenMultipleApprovers>FirstResponse</whenMultipleApprovers>
        </assignedApprover>
        <entryCriteria>
            <criteriaItems>
                <field>Opportunity.Vertical__c</field>
                <operation>equals</operation>
                <value>FCV</value>
            </criteriaItems>
        </entryCriteria>
        <ifCriteriaNotMet>GotoNextStep</ifCriteriaNotMet>
        <label>Step 4</label>
        <name>Step_4</name>
        <rejectBehavior>
            <type>RejectRequest</type>
        </rejectBehavior>
    </approvalStep>
    <approvalStep>
        <allowDelegate>true</allowDelegate>
        <assignedApprover>
            <approver>
                <name>gwenaelle.cheramy@honeywell.com</name>
                <type>user</type>
            </approver>
            <whenMultipleApprovers>FirstResponse</whenMultipleApprovers>
        </assignedApprover>
        <entryCriteria>
            <criteriaItems>
                <field>Opportunity.Vertical__c</field>
                <operation>equals</operation>
                <value>Thermal</value>
            </criteriaItems>
        </entryCriteria>
        <ifCriteriaNotMet>GotoNextStep</ifCriteriaNotMet>
        <label>Step 5</label>
        <name>Step_5</name>
        <rejectBehavior>
            <type>RejectRequest</type>
        </rejectBehavior>
    </approvalStep>
    <approvalStep>
        <allowDelegate>true</allowDelegate>
        <assignedApprover>
            <approver>
                <name>gwenaelle.cheramy@honeywell.com</name>
                <type>user</type>
            </approver>
            <approver>
                <name>wonju.jung@garrettmotion.com</name>
                <type>user</type>
            </approver>
            <whenMultipleApprovers>FirstResponse</whenMultipleApprovers>
        </assignedApprover>
        <entryCriteria>
            <criteriaItems>
                <field>Opportunity.Vertical__c</field>
                <operation>notEqual</operation>
                <value>LVD,LVG,ON HWY,OFF HWY,XXL,FCV,Thermal</value>
            </criteriaItems>
        </entryCriteria>
        <label>Step 6</label>
        <name>Step_6</name>
        <rejectBehavior>
            <type>RejectRequest</type>
        </rejectBehavior>
    </approvalStep>
    <emailTemplate>unfiled$public/HTT_Strategic_Assessment_Approval_email</emailTemplate>
    <enableMobileDeviceAccess>false</enableMobileDeviceAccess>
    <entryCriteria>
        <booleanFilter>1 OR 2</booleanFilter>
        <criteriaItems>
            <field>HTT_Strategic_Assessment__c.Approval_Status__c</field>
            <operation>equals</operation>
            <value>Recalled,Rejected,Unapproved</value>
        </criteriaItems>
        <criteriaItems>
            <field>HTT_Strategic_Assessment__c.Approval_Status__c</field>
            <operation>equals</operation>
        </criteriaItems>
    </entryCriteria>
    <finalApprovalActions>
        <action>
            <name>HTT_SA_Approver_Update</name>
            <type>FieldUpdate</type>
        </action>
        <action>
            <name>HTT_SA_Status_Approved</name>
            <type>FieldUpdate</type>
        </action>
        <action>
            <name>HTT_Strategic_Assessment_Approved_Alert</name>
            <type>Alert</type>
        </action>
    </finalApprovalActions>
    <finalApprovalRecordLock>false</finalApprovalRecordLock>
    <finalRejectionActions>
        <action>
            <name>HTT_SA_Status_Rejected</name>
            <type>FieldUpdate</type>
        </action>
        <action>
            <name>HTT_Strategic_Assessment_Rejected_Alert</name>
            <type>Alert</type>
        </action>
    </finalRejectionActions>
    <finalRejectionRecordLock>false</finalRejectionRecordLock>
    <initialSubmissionActions>
        <action>
            <name>HTT_SA_Status_Submitted</name>
            <type>FieldUpdate</type>
        </action>
    </initialSubmissionActions>
    <label>HTT StrategicAssessment Approval process</label>
    <nextAutomatedApprover>
        <useApproverFieldOfRecordOwner>false</useApproverFieldOfRecordOwner>
        <userHierarchyField>Manager</userHierarchyField>
    </nextAutomatedApprover>
    <recallActions>
        <action>
            <name>HTT_SA_Status_Recalled</name>
            <type>FieldUpdate</type>
        </action>
    </recallActions>
    <recordEditability>AdminOrCurrentApprover</recordEditability>
    <showApprovalHistory>false</showApprovalHistory>
</ApprovalProcess>
