<?xml version="1.0" encoding="UTF-8"?>
<ApprovalProcess xmlns="http://soap.sforce.com/2006/04/metadata">
    <active>true</active>
    <allowRecall>false</allowRecall>
    <allowedSubmitters>
        <type>owner</type>
    </allowedSubmitters>
    <allowedSubmitters>
        <submitter>HTT_OE_Worldwide</submitter>
        <type>roleSubordinates</type>
    </allowedSubmitters>
    <approvalPageFields>
        <field>Name</field>
        <field>Owner</field>
        <field>StageName</field>
        <field>New_Stage__c</field>
        <field>Reason_for_Stage_Change__c</field>
        <field>Priority__c</field>
        <field>New_Priority__c</field>
        <field>Opportunity_Weight__c</field>
    </approvalPageFields>
    <approvalStep>
        <allowDelegate>false</allowDelegate>
        <approvalActions>
            <action>
                <name>Stage_Change_Approval_Status_Approve</name>
                <type>FieldUpdate</type>
            </action>
        </approvalActions>
        <assignedApprover>
            <approver>
                <name>enea.bello@garrettmotion.com</name>
                <type>user</type>
            </approver>
            <whenMultipleApprovers>FirstResponse</whenMultipleApprovers>
        </assignedApprover>
        <entryCriteria>
            <criteriaItems>
                <field>Opportunity.Opportunity_Weight__c</field>
                <operation>lessOrEqual</operation>
                <value>1</value>
            </criteriaItems>
            <criteriaItems>
                <field>Opportunity.Vertical__c</field>
                <operation>equals</operation>
                <value>ON HWY,OFF HWY</value>
            </criteriaItems>
            <criteriaItems>
                <field>Opportunity.RecordType</field>
                <operation>equals</operation>
                <value>HTT</value>
            </criteriaItems>
            <criteriaItems>
                <field>Opportunity.Opportunity_Weight__c</field>
                <operation>greaterOrEqual</operation>
                <value>0.5</value>
            </criteriaItems>
        </entryCriteria>
        <ifCriteriaNotMet>GotoNextStep</ifCriteriaNotMet>
        <label>Stage Change Approval - CV</label>
        <name>Weight_vs_GBE_Win_Rate_CV</name>
        <rejectionActions>
            <action>
                <name>Stage_Change_Approval_Status_Reject</name>
                <type>FieldUpdate</type>
            </action>
        </rejectionActions>
    </approvalStep>
    <approvalStep>
        <allowDelegate>false</allowDelegate>
        <approvalActions>
            <action>
                <name>Stage_Change_Approval_Status_Approve</name>
                <type>FieldUpdate</type>
            </action>
        </approvalActions>
        <assignedApprover>
            <approver>
                <name>enea.bello@garrettmotion.com</name>
                <type>user</type>
            </approver>
            <whenMultipleApprovers>FirstResponse</whenMultipleApprovers>
        </assignedApprover>
        <entryCriteria>
            <criteriaItems>
                <field>Opportunity.Opportunity_Weight__c</field>
                <operation>greaterThan</operation>
                <value>1</value>
            </criteriaItems>
            <criteriaItems>
                <field>Opportunity.Opportunity_Weight__c</field>
                <operation>lessOrEqual</operation>
                <value>2.5</value>
            </criteriaItems>
            <criteriaItems>
                <field>Opportunity.Vertical__c</field>
                <operation>equals</operation>
                <value>ON HWY,OFF HWY</value>
            </criteriaItems>
            <criteriaItems>
                <field>Opportunity.RecordType</field>
                <operation>equals</operation>
                <value>HTT</value>
            </criteriaItems>
        </entryCriteria>
        <ifCriteriaNotMet>GotoNextStep</ifCriteriaNotMet>
        <label>Stage Change Approval - CV</label>
        <name>Weight_vs_GBE_Win_Rate_CV_level_2</name>
        <rejectBehavior>
            <type>RejectRequest</type>
        </rejectBehavior>
        <rejectionActions>
            <action>
                <name>Stage_Change_Approval_Status_Reject</name>
                <type>FieldUpdate</type>
            </action>
        </rejectionActions>
    </approvalStep>
    <approvalStep>
        <allowDelegate>false</allowDelegate>
        <approvalActions>
            <action>
                <name>Stage_Change_Approval_Status_Approve</name>
                <type>FieldUpdate</type>
            </action>
        </approvalActions>
        <assignedApprover>
            <approver>
                <name>daniel.deiro@garrettmotion.com</name>
                <type>user</type>
            </approver>
            <whenMultipleApprovers>FirstResponse</whenMultipleApprovers>
        </assignedApprover>
        <entryCriteria>
            <criteriaItems>
                <field>Opportunity.Opportunity_Weight__c</field>
                <operation>greaterThan</operation>
                <value>2.5</value>
            </criteriaItems>
            <criteriaItems>
                <field>Opportunity.Vertical__c</field>
                <operation>equals</operation>
                <value>ON HWY,OFF HWY</value>
            </criteriaItems>
            <criteriaItems>
                <field>Opportunity.RecordType</field>
                <operation>equals</operation>
                <value>HTT</value>
            </criteriaItems>
        </entryCriteria>
        <ifCriteriaNotMet>GotoNextStep</ifCriteriaNotMet>
        <label>Stage Change Approval - CV</label>
        <name>Weight_vs_GBE_Win_Rate_CV_level_3</name>
        <rejectBehavior>
            <type>RejectRequest</type>
        </rejectBehavior>
        <rejectionActions>
            <action>
                <name>Stage_Change_Approval_Status_Reject</name>
                <type>FieldUpdate</type>
            </action>
        </rejectionActions>
    </approvalStep>
    <approvalStep>
        <allowDelegate>false</allowDelegate>
        <approvalActions>
            <action>
                <name>Stage_Change_Approval_Status_Approve</name>
                <type>FieldUpdate</type>
            </action>
        </approvalActions>
        <assignedApprover>
            <approver>
                <name>enea.bello@garrettmotion.com</name>
                <type>user</type>
            </approver>
            <whenMultipleApprovers>FirstResponse</whenMultipleApprovers>
        </assignedApprover>
        <entryCriteria>
            <criteriaItems>
                <field>Opportunity.Vertical__c</field>
                <operation>equals</operation>
                <value>LVD</value>
            </criteriaItems>
            <criteriaItems>
                <field>Opportunity.Opportunity_Weight__c</field>
                <operation>greaterOrEqual</operation>
                <value>0.1</value>
            </criteriaItems>
            <criteriaItems>
                <field>Opportunity.Opportunity_Weight__c</field>
                <operation>lessOrEqual</operation>
                <value>0.2</value>
            </criteriaItems>
            <criteriaItems>
                <field>Opportunity.RecordType</field>
                <operation>equals</operation>
                <value>HTT</value>
            </criteriaItems>
        </entryCriteria>
        <ifCriteriaNotMet>GotoNextStep</ifCriteriaNotMet>
        <label>Stage Change Approval - LVD</label>
        <name>Weight_vs_GBE_Win_Rate_LVD</name>
        <rejectBehavior>
            <type>RejectRequest</type>
        </rejectBehavior>
        <rejectionActions>
            <action>
                <name>Stage_Change_Approval_Status_Reject</name>
                <type>FieldUpdate</type>
            </action>
        </rejectionActions>
    </approvalStep>
    <approvalStep>
        <allowDelegate>false</allowDelegate>
        <approvalActions>
            <action>
                <name>Stage_Change_Approval_Status_Approve</name>
                <type>FieldUpdate</type>
            </action>
        </approvalActions>
        <assignedApprover>
            <approver>
                <name>enea.bello@garrettmotion.com</name>
                <type>user</type>
            </approver>
            <whenMultipleApprovers>FirstResponse</whenMultipleApprovers>
        </assignedApprover>
        <entryCriteria>
            <criteriaItems>
                <field>Opportunity.Vertical__c</field>
                <operation>equals</operation>
                <value>LVD</value>
            </criteriaItems>
            <criteriaItems>
                <field>Opportunity.Opportunity_Weight__c</field>
                <operation>greaterThan</operation>
                <value>0.2</value>
            </criteriaItems>
            <criteriaItems>
                <field>Opportunity.Opportunity_Weight__c</field>
                <operation>lessOrEqual</operation>
                <value>1.5</value>
            </criteriaItems>
            <criteriaItems>
                <field>Opportunity.RecordType</field>
                <operation>equals</operation>
                <value>HTT</value>
            </criteriaItems>
        </entryCriteria>
        <ifCriteriaNotMet>GotoNextStep</ifCriteriaNotMet>
        <label>Stage Change Approval - LVD</label>
        <name>Weight_vs_GBE_Win_Rate_LVD_level_2</name>
        <rejectBehavior>
            <type>RejectRequest</type>
        </rejectBehavior>
        <rejectionActions>
            <action>
                <name>Stage_Change_Approval_Status_Reject</name>
                <type>FieldUpdate</type>
            </action>
        </rejectionActions>
    </approvalStep>
    <approvalStep>
        <allowDelegate>false</allowDelegate>
        <approvalActions>
            <action>
                <name>Stage_Change_Approval_Status_Approve</name>
                <type>FieldUpdate</type>
            </action>
        </approvalActions>
        <assignedApprover>
            <approver>
                <name>daniel.deiro@garrettmotion.com</name>
                <type>user</type>
            </approver>
            <whenMultipleApprovers>FirstResponse</whenMultipleApprovers>
        </assignedApprover>
        <entryCriteria>
            <criteriaItems>
                <field>Opportunity.Vertical__c</field>
                <operation>equals</operation>
                <value>LVD</value>
            </criteriaItems>
            <criteriaItems>
                <field>Opportunity.Opportunity_Weight__c</field>
                <operation>greaterThan</operation>
                <value>1.5</value>
            </criteriaItems>
            <criteriaItems>
                <field>Opportunity.RecordType</field>
                <operation>equals</operation>
                <value>HTT</value>
            </criteriaItems>
        </entryCriteria>
        <ifCriteriaNotMet>GotoNextStep</ifCriteriaNotMet>
        <label>Stage Change Approval - LVD</label>
        <name>Weight_vs_GBE_Win_Rate_LVD_level_3</name>
        <rejectBehavior>
            <type>RejectRequest</type>
        </rejectBehavior>
        <rejectionActions>
            <action>
                <name>Stage_Change_Approval_Status_Reject</name>
                <type>FieldUpdate</type>
            </action>
        </rejectionActions>
    </approvalStep>
    <approvalStep>
        <allowDelegate>false</allowDelegate>
        <approvalActions>
            <action>
                <name>Stage_Change_Approval_Status_Approve</name>
                <type>FieldUpdate</type>
            </action>
        </approvalActions>
        <assignedApprover>
            <approver>
                <name>enea.bello@garrettmotion.com</name>
                <type>user</type>
            </approver>
            <whenMultipleApprovers>FirstResponse</whenMultipleApprovers>
        </assignedApprover>
        <entryCriteria>
            <criteriaItems>
                <field>Opportunity.Vertical__c</field>
                <operation>equals</operation>
                <value>LVG</value>
            </criteriaItems>
            <criteriaItems>
                <field>Opportunity.Opportunity_Weight__c</field>
                <operation>greaterOrEqual</operation>
                <value>0.1</value>
            </criteriaItems>
            <criteriaItems>
                <field>Opportunity.Opportunity_Weight__c</field>
                <operation>lessOrEqual</operation>
                <value>0.15</value>
            </criteriaItems>
            <criteriaItems>
                <field>Opportunity.RecordType</field>
                <operation>equals</operation>
                <value>HTT</value>
            </criteriaItems>
        </entryCriteria>
        <ifCriteriaNotMet>GotoNextStep</ifCriteriaNotMet>
        <label>Stage Change Approval - LVG</label>
        <name>Weight_vs_GBE_Win_Rate_LVG</name>
        <rejectBehavior>
            <type>RejectRequest</type>
        </rejectBehavior>
        <rejectionActions>
            <action>
                <name>Stage_Change_Approval_Status_Reject</name>
                <type>FieldUpdate</type>
            </action>
        </rejectionActions>
    </approvalStep>
    <approvalStep>
        <allowDelegate>false</allowDelegate>
        <approvalActions>
            <action>
                <name>Stage_Change_Approval_Status_Approve</name>
                <type>FieldUpdate</type>
            </action>
        </approvalActions>
        <assignedApprover>
            <approver>
                <name>enea.bello@garrettmotion.com</name>
                <type>user</type>
            </approver>
            <whenMultipleApprovers>FirstResponse</whenMultipleApprovers>
        </assignedApprover>
        <entryCriteria>
            <criteriaItems>
                <field>Opportunity.Vertical__c</field>
                <operation>equals</operation>
                <value>LVG</value>
            </criteriaItems>
            <criteriaItems>
                <field>Opportunity.Opportunity_Weight__c</field>
                <operation>greaterThan</operation>
                <value>0.15</value>
            </criteriaItems>
            <criteriaItems>
                <field>Opportunity.Opportunity_Weight__c</field>
                <operation>lessOrEqual</operation>
                <value>1</value>
            </criteriaItems>
            <criteriaItems>
                <field>Opportunity.RecordType</field>
                <operation>equals</operation>
                <value>HTT</value>
            </criteriaItems>
        </entryCriteria>
        <ifCriteriaNotMet>GotoNextStep</ifCriteriaNotMet>
        <label>Stage Change Approval - LVG</label>
        <name>Weight_vs_GBE_Win_Rate_LVG_level_2</name>
        <rejectBehavior>
            <type>RejectRequest</type>
        </rejectBehavior>
        <rejectionActions>
            <action>
                <name>Stage_Change_Approval_Status_Reject</name>
                <type>FieldUpdate</type>
            </action>
        </rejectionActions>
    </approvalStep>
    <approvalStep>
        <allowDelegate>false</allowDelegate>
        <approvalActions>
            <action>
                <name>Stage_Change_Approval_Status_Approve</name>
                <type>FieldUpdate</type>
            </action>
        </approvalActions>
        <assignedApprover>
            <approver>
                <name>daniel.deiro@garrettmotion.com</name>
                <type>user</type>
            </approver>
            <whenMultipleApprovers>FirstResponse</whenMultipleApprovers>
        </assignedApprover>
        <entryCriteria>
            <criteriaItems>
                <field>Opportunity.Vertical__c</field>
                <operation>equals</operation>
                <value>LVG</value>
            </criteriaItems>
            <criteriaItems>
                <field>Opportunity.Opportunity_Weight__c</field>
                <operation>greaterThan</operation>
                <value>1</value>
            </criteriaItems>
            <criteriaItems>
                <field>Opportunity.RecordType</field>
                <operation>equals</operation>
                <value>HTT</value>
            </criteriaItems>
        </entryCriteria>
        <label>Stage Change Approval - LVG</label>
        <name>Weight_vs_GBE_Win_Rate_LVG_level_3</name>
        <rejectBehavior>
            <type>RejectRequest</type>
        </rejectBehavior>
        <rejectionActions>
            <action>
                <name>Stage_Change_Approval_Status_Reject</name>
                <type>FieldUpdate</type>
            </action>
        </rejectionActions>
    </approvalStep>
    <description>Stage Change Approval</description>
    <emailTemplate>Admin_Email_Templates/Submit_Opportunity_for_Approval</emailTemplate>
    <enableMobileDeviceAccess>false</enableMobileDeviceAccess>
    <entryCriteria>
        <formula>RecordType.DeveloperName = &#39;HTT&#39; &amp;&amp; ((TEXT(Vertical__c) = &#39;LVD&#39; &amp;&amp;  Opportunity_Weight__c &gt;= 0.1) || (TEXT(Vertical__c) = &#39;LVG&#39; &amp;&amp;  Opportunity_Weight__c &gt;= 0.15) || TEXT(Vertical__c) = &#39;ON HWY&#39; || TEXT(Vertical__c) = &#39;OFF HWY&#39;)</formula>
    </entryCriteria>
    <finalApprovalActions>
        <action>
            <name>Opportunity_Approved_Rejected_notification_to_owner</name>
            <type>Alert</type>
        </action>
        <action>
            <name>Reset_Is_it_invoked_from_ePep</name>
            <type>FieldUpdate</type>
        </action>
        <action>
            <name>Update_New_Supplier</name>
            <type>FieldUpdate</type>
        </action>
        <action>
            <name>Update_To_be_synched_with_ePeP_to_yes</name>
            <type>FieldUpdate</type>
        </action>
    </finalApprovalActions>
    <finalApprovalRecordLock>false</finalApprovalRecordLock>
    <finalRejectionActions>
        <action>
            <name>Opportunity_Approved_Rejected_notification_to_owner</name>
            <type>Alert</type>
        </action>
    </finalRejectionActions>
    <finalRejectionRecordLock>false</finalRejectionRecordLock>
    <initialSubmissionActions>
        <action>
            <name>Submit_Stage_Change_for_Approval</name>
            <type>FieldUpdate</type>
        </action>
    </initialSubmissionActions>
    <label>Stage Change Approval</label>
    <recordEditability>AdminOnly</recordEditability>
    <showApprovalHistory>false</showApprovalHistory>
</ApprovalProcess>
