<?xml version="1.0" encoding="UTF-8"?>
<ApprovalProcess xmlns="http://soap.sforce.com/2006/04/metadata">
    <active>true</active>
    <allowRecall>false</allowRecall>
    <allowedSubmitters>
        <type>owner</type>
    </allowedSubmitters>
    <allowedSubmitters>
        <submitter>HTT_OE_Worldwide</submitter>
        <type>roleSubordinates</type>
    </allowedSubmitters>
    <approvalPageFields>
        <field>Name</field>
        <field>Owner</field>
        <field>Priority__c</field>
        <field>New_Priority__c</field>
        <field>Reason_for_Stage_Change__c</field>
        <field>Opportunity_Weight__c</field>
    </approvalPageFields>
    <approvalStep>
        <allowDelegate>false</allowDelegate>
        <assignedApprover>
            <approver>
                <name>fabrice.michalet@garrettmotion.com</name>
                <type>user</type>
            </approver>
            <approver>
                <name>jean-philippe.schmitt@garrettmotion.com</name>
                <type>user</type>
            </approver>
            <whenMultipleApprovers>FirstResponse</whenMultipleApprovers>
        </assignedApprover>
        <entryCriteria>
            <criteriaItems>
                <field>Opportunity.Vertical__c</field>
                <operation>equals</operation>
                <value>LVD</value>
            </criteriaItems>
        </entryCriteria>
        <ifCriteriaNotMet>GotoNextStep</ifCriteriaNotMet>
        <label>LVD Approval</label>
        <name>LVD_Approval</name>
    </approvalStep>
    <approvalStep>
        <allowDelegate>false</allowDelegate>
        <assignedApprover>
            <approver>
                <name>manuel.corsetti@garrettmotion.com</name>
                <type>user</type>
            </approver>
            <approver>
                <name>mark.rodrigues@garrettmotion.com</name>
                <type>user</type>
            </approver>
            <whenMultipleApprovers>FirstResponse</whenMultipleApprovers>
        </assignedApprover>
        <entryCriteria>
            <criteriaItems>
                <field>Opportunity.Vertical__c</field>
                <operation>equals</operation>
                <value>LVG</value>
            </criteriaItems>
        </entryCriteria>
        <ifCriteriaNotMet>GotoNextStep</ifCriteriaNotMet>
        <label>LVG Approval</label>
        <name>LVG_Approval</name>
        <rejectBehavior>
            <type>RejectRequest</type>
        </rejectBehavior>
    </approvalStep>
    <approvalStep>
        <allowDelegate>false</allowDelegate>
        <assignedApprover>
            <approver>
                <name>aileen.mcdowall@garrettmotion.com.ts</name>
                <type>user</type>
            </approver>
            <approver>
                <name>pierre-jean.cancalon@garrettmotion.com</name>
                <type>user</type>
            </approver>
            <whenMultipleApprovers>FirstResponse</whenMultipleApprovers>
        </assignedApprover>
        <entryCriteria>
            <criteriaItems>
                <field>Opportunity.Vertical__c</field>
                <operation>equals</operation>
                <value>ON HWY,OFF HWY</value>
            </criteriaItems>
        </entryCriteria>
        <label>CV Approval</label>
        <name>CV_Approval</name>
        <rejectBehavior>
            <type>RejectRequest</type>
        </rejectBehavior>
    </approvalStep>
    <description>Priority Change Approval (1 or 2 to 3 or 4) and (3 or 4 to 1 or 2)</description>
    <emailTemplate>Admin_Email_Templates/Submit_Opportunity_for_Approval</emailTemplate>
    <enableMobileDeviceAccess>false</enableMobileDeviceAccess>
    <entryCriteria>
        <criteriaItems>
            <field>Opportunity.RecordType</field>
            <operation>equals</operation>
            <value>HTT</value>
        </criteriaItems>
    </entryCriteria>
    <finalApprovalActions>
        <action>
            <name>Opportunity_Approved_Rejected_notification_to_owner</name>
            <type>Alert</type>
        </action>
        <action>
            <name>Reset_Is_it_invoked_from_ePep</name>
            <type>FieldUpdate</type>
        </action>
        <action>
            <name>Stage_Change_Approval_Status_Approve</name>
            <type>FieldUpdate</type>
        </action>
        <action>
            <name>Update_To_be_synched_with_ePeP_to_yes</name>
            <type>FieldUpdate</type>
        </action>
    </finalApprovalActions>
    <finalApprovalRecordLock>false</finalApprovalRecordLock>
    <finalRejectionActions>
        <action>
            <name>Opportunity_Approved_Rejected_notification_to_owner</name>
            <type>Alert</type>
        </action>
        <action>
            <name>Stage_Change_Approval_Status_Reject</name>
            <type>FieldUpdate</type>
        </action>
    </finalRejectionActions>
    <finalRejectionRecordLock>false</finalRejectionRecordLock>
    <initialSubmissionActions>
        <action>
            <name>Submit_Stage_Change_for_Approval</name>
            <type>FieldUpdate</type>
        </action>
    </initialSubmissionActions>
    <label>Priority Change Approval</label>
    <recordEditability>AdminOnly</recordEditability>
    <showApprovalHistory>false</showApprovalHistory>
</ApprovalProcess>
