<?xml version="1.0" encoding="UTF-8"?>
<ApprovalProcess xmlns="http://soap.sforce.com/2006/04/metadata">
    <active>true</active>
    <allowRecall>false</allowRecall>
    <allowedSubmitters>
        <type>owner</type>
    </allowedSubmitters>
    <allowedSubmitters>
        <submitter>HTT_OE_Worldwide</submitter>
        <type>roleSubordinates</type>
    </allowedSubmitters>
    <approvalPageFields>
        <field>Name</field>
        <field>Owner</field>
        <field>StageName</field>
        <field>New_Stage__c</field>
        <field>Reason_for_Stage_Change__c</field>
        <field>Priority__c</field>
        <field>New_Priority__c</field>
        <field>Opportunity_Weight__c</field>
    </approvalPageFields>
    <approvalStep>
        <allowDelegate>false</allowDelegate>
        <approvalActions>
            <action>
                <name>Stage_Change_Approval_Status_Approve</name>
                <type>FieldUpdate</type>
            </action>
        </approvalActions>
        <assignedApprover>
            <approver>
                <name>enea.bello@garrettmotion.com</name>
                <type>user</type>
            </approver>
            <approver>
                <name>jacques.flamant@garrettmotion.com</name>
                <type>user</type>
            </approver>
            <whenMultipleApprovers>FirstResponse</whenMultipleApprovers>
        </assignedApprover>
        <entryCriteria>
            <formula>IF(ISPICKVAL(Vertical__c, &#39;LVD&#39;), Opportunity_Weight__c &gt;1.5,IF(ISPICKVAL(Vertical__c, &#39;LVG&#39;), Opportunity_Weight__c &gt;1,IF(ISPICKVAL(Vertical__c, &#39;ON HWY&#39;) || ISPICKVAL(Vertical__c, &#39;OFF HWY&#39;), Opportunity_Weight__c &gt;2.5,false)))</formula>
        </entryCriteria>
        <ifCriteriaNotMet>ApproveRecord</ifCriteriaNotMet>
        <label>Status Change Approval (Lose to Win)</label>
        <name>Status_Change_Approval</name>
        <rejectionActions>
            <action>
                <name>Stage_Change_Approval_Status_Reject</name>
                <type>FieldUpdate</type>
            </action>
        </rejectionActions>
    </approvalStep>
    <description>lose/cancelled to Likely to win approval</description>
    <emailTemplate>Admin_Email_Templates/Submit_Opportunity_for_Approval</emailTemplate>
    <enableMobileDeviceAccess>false</enableMobileDeviceAccess>
    <entryCriteria>
        <formula>NOT(ISBLANK(Reason_for_Award_Year_Change__c)) ||  NOT(ISNULL(Reason_for_Award_Year_Change__c))</formula>
    </entryCriteria>
    <finalApprovalActions>
        <action>
            <name>Opportunity_Approved_Rejected_notification_to_owner</name>
            <type>Alert</type>
        </action>
        <action>
            <name>Reset_Is_it_invoked_from_ePep</name>
            <type>FieldUpdate</type>
        </action>
        <action>
            <name>Stage_Change_Approval_Status_Approve</name>
            <type>FieldUpdate</type>
        </action>
        <action>
            <name>Update_New_Supplier</name>
            <type>FieldUpdate</type>
        </action>
        <action>
            <name>Update_To_be_synched_with_ePeP_to_yes</name>
            <type>FieldUpdate</type>
        </action>
    </finalApprovalActions>
    <finalApprovalRecordLock>false</finalApprovalRecordLock>
    <finalRejectionActions>
        <action>
            <name>Opportunity_Approved_Rejected_notification_to_owner</name>
            <type>Alert</type>
        </action>
    </finalRejectionActions>
    <finalRejectionRecordLock>false</finalRejectionRecordLock>
    <initialSubmissionActions>
        <action>
            <name>Submit_Stage_Change_for_Approval</name>
            <type>FieldUpdate</type>
        </action>
    </initialSubmissionActions>
    <label>Weight vs. GBE Win Rate Approval Stage</label>
    <recordEditability>AdminOnly</recordEditability>
    <showApprovalHistory>false</showApprovalHistory>
</ApprovalProcess>
