<?xml version="1.0" encoding="UTF-8"?>
<ApprovalProcess xmlns="http://soap.sforce.com/2006/04/metadata">
    <active>true</active>
    <allowRecall>true</allowRecall>
    <allowedSubmitters>
        <type>owner</type>
    </allowedSubmitters>
    <approvalPageFields>
        <field>Name</field>
        <field>Owner</field>
        <field>Region__c</field>
        <field>Segment__c</field>
        <field>Customer__c</field>
        <field>Displacement__c</field>
        <field>Fuel__c</field>
        <field>KW__c</field>
        <field>Engine_Name__c</field>
        <field>Norm__c</field>
        <field>ModelGroup_1__c</field>
        <field>Model_Group_2__c</field>
        <field>Product_Line__c</field>
        <field>Technology__c</field>
        <field>Generation__c</field>
        <field>K_Units__c</field>
        <field>Price__c</field>
        <field>OI__c</field>
        <field>SOP__c</field>
        <field>Q__c</field>
        <field>Y__c</field>
        <field>StageName</field>
        <field>ForecastCategoryName</field>
        <field>STRAP__c</field>
        <field>Price_Indicator__c</field>
        <field>Quality_Indicator__c</field>
        <field>Perfo__c</field>
        <field>Reason_for_Win_Loss__c</field>
        <field>Type</field>
    </approvalPageFields>
    <approvalStep>
        <allowDelegate>true</allowDelegate>
        <assignedApprover>
            <approver>
                <name>lilian.mauslorca@honeywell.com</name>
                <type>user</type>
            </approver>
            <whenMultipleApprovers>FirstResponse</whenMultipleApprovers>
        </assignedApprover>
        <label>Business Wins Approval</label>
        <name>Business_Wins_Approval</name>
    </approvalStep>
    <emailTemplate>Admin_Email_Templates/Business_Win_Notification</emailTemplate>
    <enableMobileDeviceAccess>false</enableMobileDeviceAccess>
    <entryCriteria>
        <criteriaItems>
            <field>Opportunity.StageName</field>
            <operation>equals</operation>
            <value>Closed Lost,Closed Won</value>
        </criteriaItems>
    </entryCriteria>
    <finalApprovalActions>
        <action>
            <name>Business_Wins_Approved</name>
            <type>Alert</type>
        </action>
        <action>
            <name>HTT_ApprovalStatus2_FU</name>
            <type>FieldUpdate</type>
        </action>
        <action>
            <name>HTT_DataLoad_FU</name>
            <type>FieldUpdate</type>
        </action>
    </finalApprovalActions>
    <finalApprovalRecordLock>true</finalApprovalRecordLock>
    <finalRejectionActions>
        <action>
            <name>Business_Wins_Rejected</name>
            <type>Alert</type>
        </action>
        <action>
            <name>HTT_ApprovalStatus3_FU</name>
            <type>FieldUpdate</type>
        </action>
    </finalRejectionActions>
    <finalRejectionRecordLock>false</finalRejectionRecordLock>
    <initialSubmissionActions>
        <action>
            <name>Business_Wins_Submitted</name>
            <type>Alert</type>
        </action>
        <action>
            <name>HTT_ApprovalStatus_FU</name>
            <type>FieldUpdate</type>
        </action>
    </initialSubmissionActions>
    <label>Business Wins Approval</label>
    <recallActions>
        <action>
            <name>Business_Win_Recall</name>
            <type>Alert</type>
        </action>
        <action>
            <name>HTT_ApprovalStatus4_FU</name>
            <type>FieldUpdate</type>
        </action>
    </recallActions>
    <recordEditability>AdminOrCurrentApprover</recordEditability>
    <showApprovalHistory>true</showApprovalHistory>
</ApprovalProcess>
