<?xml version="1.0" encoding="UTF-8"?>
<ApprovalProcess xmlns="http://soap.sforce.com/2006/04/metadata">
    <active>false</active>
    <allowRecall>true</allowRecall>
    <allowedSubmitters>
        <type>owner</type>
    </allowedSubmitters>
    <approvalPageFields>
        <field>Name</field>
        <field>Owner</field>
    </approvalPageFields>
    <approvalStep>
        <allowDelegate>true</allowDelegate>
        <approvalActions>
            <action>
                <name>Step1Approved</name>
                <type>FieldUpdate</type>
            </action>
            <action>
                <name>Step2Status</name>
                <type>FieldUpdate</type>
            </action>
            <action>
                <name>UpdatePendingApprover_Step2</name>
                <type>FieldUpdate</type>
            </action>
            <action>
                <name>UpdatePrevApprovaldate</name>
                <type>FieldUpdate</type>
            </action>
        </approvalActions>
        <assignedApprover>
            <approver>
                <name>Approver__c</name>
                <type>relatedUserField</type>
            </approver>
            <whenMultipleApprovers>Unanimous</whenMultipleApprovers>
        </assignedApprover>
        <label>Step 1</label>
        <name>Step_1</name>
        <rejectionActions>
            <action>
                <name>Step1Rejected</name>
                <type>FieldUpdate</type>
            </action>
        </rejectionActions>
    </approvalStep>
    <approvalStep>
        <allowDelegate>true</allowDelegate>
        <approvalActions>
            <action>
                <name>Step2Approved</name>
                <type>FieldUpdate</type>
            </action>
            <action>
                <name>Step3Status</name>
                <type>FieldUpdate</type>
            </action>
            <action>
                <name>UpdatePendingApprover_Step3</name>
                <type>FieldUpdate</type>
            </action>
            <action>
                <name>UpdatePrevApprovaldate</name>
                <type>FieldUpdate</type>
            </action>
        </approvalActions>
        <assignedApprover>
            <approver>
                <name>Approver_Step_2__c</name>
                <type>relatedUserField</type>
            </approver>
            <whenMultipleApprovers>Unanimous</whenMultipleApprovers>
        </assignedApprover>
        <entryCriteria>
            <criteriaItems>
                <field>Price_Change_Request__c.Step_1__c</field>
                <operation>equals</operation>
                <value>Approved</value>
            </criteriaItems>
        </entryCriteria>
        <ifCriteriaNotMet>GotoNextStep</ifCriteriaNotMet>
        <label>Step 2</label>
        <name>Step_2</name>
        <rejectBehavior>
            <type>RejectRequest</type>
        </rejectBehavior>
        <rejectionActions>
            <action>
                <name>Step2Rejected</name>
                <type>FieldUpdate</type>
            </action>
        </rejectionActions>
    </approvalStep>
    <approvalStep>
        <allowDelegate>true</allowDelegate>
        <approvalActions>
            <action>
                <name>Step3Approved</name>
                <type>FieldUpdate</type>
            </action>
            <action>
                <name>Step_4_Status</name>
                <type>FieldUpdate</type>
            </action>
            <action>
                <name>UpdatePendingApprover_Step4</name>
                <type>FieldUpdate</type>
            </action>
            <action>
                <name>UpdatePrevApprovaldate</name>
                <type>FieldUpdate</type>
            </action>
        </approvalActions>
        <assignedApprover>
            <approver>
                <name>Approver_Step_3__c</name>
                <type>relatedUserField</type>
            </approver>
            <whenMultipleApprovers>FirstResponse</whenMultipleApprovers>
        </assignedApprover>
        <entryCriteria>
            <criteriaItems>
                <field>Price_Change_Request__c.Step_1__c</field>
                <operation>equals</operation>
                <value>Approved</value>
            </criteriaItems>
            <criteriaItems>
                <field>Price_Change_Request__c.Step_2__c</field>
                <operation>equals</operation>
                <value>Approved</value>
            </criteriaItems>
            <criteriaItems>
                <field>Price_Change_Request__c.PriceUp__c</field>
                <operation>equals</operation>
                <value>False</value>
            </criteriaItems>
        </entryCriteria>
        <ifCriteriaNotMet>GotoNextStep</ifCriteriaNotMet>
        <label>Step 3</label>
        <name>Step_3</name>
        <rejectBehavior>
            <type>RejectRequest</type>
        </rejectBehavior>
        <rejectionActions>
            <action>
                <name>Step3Rejected</name>
                <type>FieldUpdate</type>
            </action>
        </rejectionActions>
    </approvalStep>
    <approvalStep>
        <allowDelegate>true</allowDelegate>
        <approvalActions>
            <action>
                <name>Step4Approved</name>
                <type>FieldUpdate</type>
            </action>
        </approvalActions>
        <assignedApprover>
            <approver>
                <name>Approver_Step_4__c</name>
                <type>relatedUserField</type>
            </approver>
            <whenMultipleApprovers>Unanimous</whenMultipleApprovers>
        </assignedApprover>
        <entryCriteria>
            <booleanFilter>1 AND 2 AND 3 AND  4 AND 5</booleanFilter>
            <criteriaItems>
                <field>Price_Change_Request__c.Step_1__c</field>
                <operation>equals</operation>
                <value>Approved</value>
            </criteriaItems>
            <criteriaItems>
                <field>Price_Change_Request__c.Step_2__c</field>
                <operation>equals</operation>
                <value>Approved</value>
            </criteriaItems>
            <criteriaItems>
                <field>Price_Change_Request__c.Step_3__c</field>
                <operation>equals</operation>
                <value>Approved</value>
            </criteriaItems>
            <criteriaItems>
                <field>Price_Change_Request__c.Impact_Level__c</field>
                <operation>equals</operation>
                <value>High,Middle</value>
            </criteriaItems>
            <criteriaItems>
                <field>Price_Change_Request__c.PriceUp__c</field>
                <operation>equals</operation>
                <value>False</value>
            </criteriaItems>
        </entryCriteria>
        <label>Step 4</label>
        <name>Step_4</name>
        <rejectBehavior>
            <type>RejectRequest</type>
        </rejectBehavior>
        <rejectionActions>
            <action>
                <name>Step4Rejected</name>
                <type>FieldUpdate</type>
            </action>
        </rejectionActions>
    </approvalStep>
    <description>Korea</description>
    <emailTemplate>HTT_OE_Templates/HTT_OEM_ePricing_New_Request_To_Approve</emailTemplate>
    <enableMobileDeviceAccess>false</enableMobileDeviceAccess>
    <entryCriteria>
        <criteriaItems>
            <field>Price_Change_Request__c.isLean__c</field>
            <operation>equals</operation>
            <value>False</value>
        </criteriaItems>
        <criteriaItems>
            <field>Price_Change_Request__c.Region__c</field>
            <operation>equals</operation>
            <value>Korea</value>
        </criteriaItems>
        <criteriaItems>
            <field>Price_Change_Request__c.RecordType</field>
            <operation>notEqual</operation>
            <value>Lump Sum</value>
        </criteriaItems>
    </entryCriteria>
    <finalApprovalActions>
        <action>
            <name>Approval_Flow_Status_Approved</name>
            <type>FieldUpdate</type>
        </action>
        <action>
            <name>ApprovalDate</name>
            <type>FieldUpdate</type>
        </action>
        <action>
            <name>Email_Notification_Final_Approval_KOREA_Full</name>
            <type>Alert</type>
        </action>
        <action>
            <name>Email_Notification_Final_Approval_KOREA_Full_Ret</name>
            <type>Alert</type>
        </action>
        <action>
            <name>Update_Account_Owner_Email</name>
            <type>FieldUpdate</type>
        </action>
    </finalApprovalActions>
    <finalApprovalRecordLock>false</finalApprovalRecordLock>
    <finalRejectionActions>
        <action>
            <name>Approval_Flow_Status_Rejection</name>
            <type>FieldUpdate</type>
        </action>
        <action>
            <name>Email_Notification_Final_Reject_Approval</name>
            <type>Alert</type>
        </action>
    </finalRejectionActions>
    <finalRejectionRecordLock>false</finalRejectionRecordLock>
    <initialSubmissionActions>
        <action>
            <name>Approval_Flow_Status_Submitted</name>
            <type>FieldUpdate</type>
        </action>
        <action>
            <name>ApprovalDate</name>
            <type>FieldUpdate</type>
        </action>
        <action>
            <name>Email_Notification_Start_Approval_KOREA</name>
            <type>Alert</type>
        </action>
        <action>
            <name>Step1Status</name>
            <type>FieldUpdate</type>
        </action>
        <action>
            <name>UpdateApprovalDate</name>
            <type>FieldUpdate</type>
        </action>
        <action>
            <name>UpdatePrevApprovaldate</name>
            <type>FieldUpdate</type>
        </action>
    </initialSubmissionActions>
    <label>HTT OEM ePrice Full Korea</label>
    <recallActions>
        <action>
            <name>Approval_Flow_Status_Recalled</name>
            <type>FieldUpdate</type>
        </action>
    </recallActions>
    <recordEditability>AdminOnly</recordEditability>
    <showApprovalHistory>true</showApprovalHistory>
</ApprovalProcess>
