<?xml version="1.0" encoding="UTF-8"?>
<ApprovalProcess xmlns="http://soap.sforce.com/2006/04/metadata">
    <active>false</active>
    <allowRecall>true</allowRecall>
    <allowedSubmitters>
        <type>owner</type>
    </allowedSubmitters>
    <approvalPageFields>
        <field>Lump_Sum_Request_Number__c</field>
        <field>Name</field>
        <field>Owner</field>
    </approvalPageFields>
    <approvalStep>
        <allowDelegate>true</allowDelegate>
        <approvalActions>
            <action>
                <name>Step_1_Approved_EMEA_High</name>
                <type>FieldUpdate</type>
            </action>
        </approvalActions>
        <assignedApprover>
            <approver>
                <name>HTT_EMEA_Ls_Vp</name>
                <type>queue</type>
            </approver>
            <whenMultipleApprovers>Unanimous</whenMultipleApprovers>
        </assignedApprover>
        <description>VP approval for Europe with high Impact</description>
        <entryCriteria>
            <booleanFilter>(1 OR 3) AND 2 AND 4</booleanFilter>
            <criteriaItems>
                <field>Price_Change_Request__c.Region__c</field>
                <operation>equals</operation>
                <value>Europe</value>
            </criteriaItems>
            <criteriaItems>
                <field>Price_Change_Request__c.Impact_Level__c</field>
                <operation>equals</operation>
                <value>High</value>
            </criteriaItems>
            <criteriaItems>
                <field>Price_Change_Request__c.Region__c</field>
                <operation>equals</operation>
                <value>EMEA</value>
            </criteriaItems>
            <criteriaItems>
                <field>Price_Change_Request__c.Impact__c</field>
                <operation>lessThan</operation>
                <value>0</value>
            </criteriaItems>
        </entryCriteria>
        <ifCriteriaNotMet>GotoNextStep</ifCriteriaNotMet>
        <label>Vp Approval</label>
        <name>Vp_Approval_Europe_High</name>
        <rejectionActions>
            <action>
                <name>Reject_Step_1_EMEA_High</name>
                <type>FieldUpdate</type>
            </action>
        </rejectionActions>
    </approvalStep>
    <approvalStep>
        <allowDelegate>true</allowDelegate>
        <approvalActions>
            <action>
                <name>Pass_to_CEO</name>
                <type>FieldUpdate</type>
            </action>
            <action>
                <name>Step_2_EMEA_High</name>
                <type>FieldUpdate</type>
            </action>
        </approvalActions>
        <assignedApprover>
            <approver>
                <name>HTT_EMEA_Ls_CFO</name>
                <type>queue</type>
            </approver>
            <whenMultipleApprovers>FirstResponse</whenMultipleApprovers>
        </assignedApprover>
        <description>CFO queue approval for Europe with high Impact</description>
        <entryCriteria>
            <booleanFilter>(1 OR 3) AND 2 AND 4</booleanFilter>
            <criteriaItems>
                <field>Price_Change_Request__c.Region__c</field>
                <operation>equals</operation>
                <value>Europe</value>
            </criteriaItems>
            <criteriaItems>
                <field>Price_Change_Request__c.Impact_Level__c</field>
                <operation>equals</operation>
                <value>High</value>
            </criteriaItems>
            <criteriaItems>
                <field>Price_Change_Request__c.Region__c</field>
                <operation>equals</operation>
                <value>EMEA</value>
            </criteriaItems>
            <criteriaItems>
                <field>Price_Change_Request__c.Impact__c</field>
                <operation>lessThan</operation>
                <value>0</value>
            </criteriaItems>
        </entryCriteria>
        <ifCriteriaNotMet>GotoNextStep</ifCriteriaNotMet>
        <label>CFO Approval</label>
        <name>CFO_Approval_Europe_high</name>
        <rejectBehavior>
            <type>RejectRequest</type>
        </rejectBehavior>
        <rejectionActions>
            <action>
                <name>Step_2_EMEA_High_Rejected</name>
                <type>FieldUpdate</type>
            </action>
        </rejectionActions>
    </approvalStep>
    <approvalStep>
        <allowDelegate>true</allowDelegate>
        <approvalActions>
            <action>
                <name>CEO_Approved_Europe_Impact_High</name>
                <type>FieldUpdate</type>
            </action>
            <action>
                <name>Lump_Sum_payment_Approved_EMEA_High</name>
                <type>Alert</type>
            </action>
        </approvalActions>
        <assignedApprover>
            <approver>
                <name>HTT_EMEA_Ls_CEO</name>
                <type>queue</type>
            </approver>
            <whenMultipleApprovers>FirstResponse</whenMultipleApprovers>
        </assignedApprover>
        <description>CEO approval step for Europe with high Impact</description>
        <entryCriteria>
            <booleanFilter>(1 OR 3) AND 2 AND 4</booleanFilter>
            <criteriaItems>
                <field>Price_Change_Request__c.Region__c</field>
                <operation>equals</operation>
                <value>Europe</value>
            </criteriaItems>
            <criteriaItems>
                <field>Price_Change_Request__c.Impact_Level__c</field>
                <operation>equals</operation>
                <value>High</value>
            </criteriaItems>
            <criteriaItems>
                <field>Price_Change_Request__c.Region__c</field>
                <operation>equals</operation>
                <value>EMEA</value>
            </criteriaItems>
            <criteriaItems>
                <field>Price_Change_Request__c.Impact__c</field>
                <operation>lessThan</operation>
                <value>0</value>
            </criteriaItems>
        </entryCriteria>
        <ifCriteriaNotMet>GotoNextStep</ifCriteriaNotMet>
        <label>CEO Approval</label>
        <name>CEO_Approval_Europe_High</name>
        <rejectBehavior>
            <type>RejectRequest</type>
        </rejectBehavior>
        <rejectionActions>
            <action>
                <name>Ceo_Reject</name>
                <type>FieldUpdate</type>
            </action>
            <action>
                <name>CEO_Rejected</name>
                <type>FieldUpdate</type>
            </action>
        </rejectionActions>
    </approvalStep>
    <approvalStep>
        <allowDelegate>true</allowDelegate>
        <approvalActions>
            <action>
                <name>Step_1_Approved_EMEA_Low</name>
                <type>FieldUpdate</type>
            </action>
        </approvalActions>
        <assignedApprover>
            <approver>
                <name>HTT_EMEA_Ls_Vp</name>
                <type>queue</type>
            </approver>
            <whenMultipleApprovers>Unanimous</whenMultipleApprovers>
        </assignedApprover>
        <description>Approval Step for Europe with Low Impact</description>
        <entryCriteria>
            <booleanFilter>(1 OR 4) AND 2 AND 3</booleanFilter>
            <criteriaItems>
                <field>Price_Change_Request__c.Region__c</field>
                <operation>equals</operation>
                <value>Europe</value>
            </criteriaItems>
            <criteriaItems>
                <field>Price_Change_Request__c.Impact__c</field>
                <operation>lessThan</operation>
                <value>0</value>
            </criteriaItems>
            <criteriaItems>
                <field>Price_Change_Request__c.Impact_Level__c</field>
                <operation>equals</operation>
                <value>Low</value>
            </criteriaItems>
            <criteriaItems>
                <field>Price_Change_Request__c.Region__c</field>
                <operation>equals</operation>
                <value>EMEA</value>
            </criteriaItems>
        </entryCriteria>
        <ifCriteriaNotMet>GotoNextStep</ifCriteriaNotMet>
        <label>Vp Approval</label>
        <name>Vp_Approval_Europe_Low</name>
        <rejectBehavior>
            <type>RejectRequest</type>
        </rejectBehavior>
        <rejectionActions>
            <action>
                <name>Step_1_EMEA_Low_Rejected</name>
                <type>FieldUpdate</type>
            </action>
        </rejectionActions>
    </approvalStep>
    <approvalStep>
        <allowDelegate>false</allowDelegate>
        <approvalActions>
            <action>
                <name>Lump_Sum_payment_Approved_Low_EMEA</name>
                <type>Alert</type>
            </action>
            <action>
                <name>Step_2_EMEA_Low_Approved</name>
                <type>FieldUpdate</type>
            </action>
        </approvalActions>
        <assignedApprover>
            <approver>
                <name>HTT_EMEA_Ls_CFO</name>
                <type>queue</type>
            </approver>
            <whenMultipleApprovers>FirstResponse</whenMultipleApprovers>
        </assignedApprover>
        <description>Step for approving Europe with low impact</description>
        <entryCriteria>
            <booleanFilter>(1 OR 2) AND 3 AND 4</booleanFilter>
            <criteriaItems>
                <field>Price_Change_Request__c.Region__c</field>
                <operation>equals</operation>
                <value>Europe</value>
            </criteriaItems>
            <criteriaItems>
                <field>Price_Change_Request__c.Region__c</field>
                <operation>equals</operation>
                <value>EMEA</value>
            </criteriaItems>
            <criteriaItems>
                <field>Price_Change_Request__c.Impact__c</field>
                <operation>lessThan</operation>
                <value>0</value>
            </criteriaItems>
            <criteriaItems>
                <field>Price_Change_Request__c.Impact_Level__c</field>
                <operation>equals</operation>
                <value>Low</value>
            </criteriaItems>
        </entryCriteria>
        <ifCriteriaNotMet>GotoNextStep</ifCriteriaNotMet>
        <label>CFO Approval</label>
        <name>CFO_Approval_Europe_low</name>
        <rejectBehavior>
            <type>RejectRequest</type>
        </rejectBehavior>
        <rejectionActions>
            <action>
                <name>Step_2_EMEA_Impact_Low_Rejected</name>
                <type>FieldUpdate</type>
            </action>
        </rejectionActions>
    </approvalStep>
    <approvalStep>
        <allowDelegate>true</allowDelegate>
        <approvalActions>
            <action>
                <name>Step_1_Approved_North_America</name>
                <type>FieldUpdate</type>
            </action>
        </approvalActions>
        <assignedApprover>
            <approver>
                <name>HTT_NA_Ls_Vp</name>
                <type>queue</type>
            </approver>
            <whenMultipleApprovers>Unanimous</whenMultipleApprovers>
        </assignedApprover>
        <description>Approval for North America with High Impact</description>
        <entryCriteria>
            <criteriaItems>
                <field>Price_Change_Request__c.Region__c</field>
                <operation>equals</operation>
                <value>North America</value>
            </criteriaItems>
            <criteriaItems>
                <field>Price_Change_Request__c.Impact_Level__c</field>
                <operation>equals</operation>
                <value>High</value>
            </criteriaItems>
            <criteriaItems>
                <field>Price_Change_Request__c.Impact__c</field>
                <operation>lessThan</operation>
                <value>0</value>
            </criteriaItems>
        </entryCriteria>
        <ifCriteriaNotMet>GotoNextStep</ifCriteriaNotMet>
        <label>Vp Approval</label>
        <name>Vp_Approval_North_America_high</name>
        <rejectBehavior>
            <type>RejectRequest</type>
        </rejectBehavior>
        <rejectionActions>
            <action>
                <name>Step_1_North_America_Rejected</name>
                <type>FieldUpdate</type>
            </action>
        </rejectionActions>
    </approvalStep>
    <approvalStep>
        <allowDelegate>false</allowDelegate>
        <approvalActions>
            <action>
                <name>Pass_to_CEO_NA</name>
                <type>FieldUpdate</type>
            </action>
            <action>
                <name>Step_2_Approved_NA_High</name>
                <type>FieldUpdate</type>
            </action>
        </approvalActions>
        <assignedApprover>
            <approver>
                <name>HTT_NA_Ls_CFO</name>
                <type>queue</type>
            </approver>
            <whenMultipleApprovers>FirstResponse</whenMultipleApprovers>
        </assignedApprover>
        <description>approval step for North America with high impact</description>
        <entryCriteria>
            <criteriaItems>
                <field>Price_Change_Request__c.Region__c</field>
                <operation>equals</operation>
                <value>North America</value>
            </criteriaItems>
            <criteriaItems>
                <field>Price_Change_Request__c.Impact_Level__c</field>
                <operation>equals</operation>
                <value>High</value>
            </criteriaItems>
            <criteriaItems>
                <field>Price_Change_Request__c.Impact__c</field>
                <operation>lessThan</operation>
                <value>0</value>
            </criteriaItems>
        </entryCriteria>
        <ifCriteriaNotMet>GotoNextStep</ifCriteriaNotMet>
        <label>CFO Approval</label>
        <name>CFO_Approval_North_America_high</name>
        <rejectBehavior>
            <type>RejectRequest</type>
        </rejectBehavior>
        <rejectionActions>
            <action>
                <name>Step_2_North_America_Rejected_High</name>
                <type>FieldUpdate</type>
            </action>
        </rejectionActions>
    </approvalStep>
    <approvalStep>
        <allowDelegate>true</allowDelegate>
        <approvalActions>
            <action>
                <name>Lump_Sum_payment_Approved_NA_High</name>
                <type>Alert</type>
            </action>
            <action>
                <name>Step_3_Approved_NA_High</name>
                <type>FieldUpdate</type>
            </action>
        </approvalActions>
        <assignedApprover>
            <approver>
                <name>HTT_NA_Ls_CEO</name>
                <type>queue</type>
            </approver>
            <whenMultipleApprovers>FirstResponse</whenMultipleApprovers>
        </assignedApprover>
        <description>step for approval CEO North America Impact Hight</description>
        <entryCriteria>
            <criteriaItems>
                <field>Price_Change_Request__c.Region__c</field>
                <operation>equals</operation>
                <value>North America</value>
            </criteriaItems>
            <criteriaItems>
                <field>Price_Change_Request__c.Impact_Level__c</field>
                <operation>equals</operation>
                <value>High</value>
            </criteriaItems>
            <criteriaItems>
                <field>Price_Change_Request__c.Impact__c</field>
                <operation>lessThan</operation>
                <value>0</value>
            </criteriaItems>
        </entryCriteria>
        <ifCriteriaNotMet>GotoNextStep</ifCriteriaNotMet>
        <label>CEO Approval</label>
        <name>CEO_Approval_North_America_High</name>
        <rejectBehavior>
            <type>RejectRequest</type>
        </rejectBehavior>
        <rejectionActions>
            <action>
                <name>Ceo_NA_Reject</name>
                <type>FieldUpdate</type>
            </action>
            <action>
                <name>Step_3_NA_High_Rejected</name>
                <type>FieldUpdate</type>
            </action>
        </rejectionActions>
    </approvalStep>
    <approvalStep>
        <allowDelegate>true</allowDelegate>
        <approvalActions>
            <action>
                <name>Step_1_Approved_NA_Low</name>
                <type>FieldUpdate</type>
            </action>
        </approvalActions>
        <assignedApprover>
            <approver>
                <name>HTT_NA_Ls_Vp</name>
                <type>queue</type>
            </approver>
            <whenMultipleApprovers>Unanimous</whenMultipleApprovers>
        </assignedApprover>
        <description>step to approve North America with low impact</description>
        <entryCriteria>
            <criteriaItems>
                <field>Price_Change_Request__c.Region__c</field>
                <operation>equals</operation>
                <value>North America</value>
            </criteriaItems>
            <criteriaItems>
                <field>Price_Change_Request__c.Impact__c</field>
                <operation>lessThan</operation>
                <value>0</value>
            </criteriaItems>
            <criteriaItems>
                <field>Price_Change_Request__c.Impact_Level__c</field>
                <operation>equals</operation>
                <value>Low</value>
            </criteriaItems>
        </entryCriteria>
        <ifCriteriaNotMet>GotoNextStep</ifCriteriaNotMet>
        <label>Vp Approval</label>
        <name>Vp_Approval_North_America_low</name>
        <rejectBehavior>
            <type>RejectRequest</type>
        </rejectBehavior>
        <rejectionActions>
            <action>
                <name>Step_1_Rejected_NA_Low</name>
                <type>FieldUpdate</type>
            </action>
        </rejectionActions>
    </approvalStep>
    <approvalStep>
        <allowDelegate>false</allowDelegate>
        <approvalActions>
            <action>
                <name>Lump_Sum_payment_Approved_NA_Loe</name>
                <type>Alert</type>
            </action>
            <action>
                <name>Step_2_Approved_NA_Low</name>
                <type>FieldUpdate</type>
            </action>
        </approvalActions>
        <assignedApprover>
            <approver>
                <name>HTT_NA_Ls_CFO</name>
                <type>queue</type>
            </approver>
            <whenMultipleApprovers>FirstResponse</whenMultipleApprovers>
        </assignedApprover>
        <description>step for North America with Low impact</description>
        <entryCriteria>
            <criteriaItems>
                <field>Price_Change_Request__c.Region__c</field>
                <operation>equals</operation>
                <value>North America</value>
            </criteriaItems>
            <criteriaItems>
                <field>Price_Change_Request__c.Impact__c</field>
                <operation>lessThan</operation>
                <value>0</value>
            </criteriaItems>
            <criteriaItems>
                <field>Price_Change_Request__c.Impact_Level__c</field>
                <operation>equals</operation>
                <value>Low</value>
            </criteriaItems>
        </entryCriteria>
        <label>CFO Approval</label>
        <name>CFO_Approval_NA_Low</name>
        <rejectBehavior>
            <type>RejectRequest</type>
        </rejectBehavior>
        <rejectionActions>
            <action>
                <name>Step_2_Rejected_NA_Low</name>
                <type>FieldUpdate</type>
            </action>
        </rejectionActions>
    </approvalStep>
    <description>The approval process used for the Lump Sum PCR (negative) process for Europe and North America regions.</description>
    <emailTemplate>HTT_OE_Templates/Price_Change_Request_Initial_Submit</emailTemplate>
    <enableMobileDeviceAccess>false</enableMobileDeviceAccess>
    <entryCriteria>
        <booleanFilter>1 AND 2</booleanFilter>
        <criteriaItems>
            <field>Price_Change_Request__c.RecordType</field>
            <operation>equals</operation>
            <value>Lump Sum</value>
        </criteriaItems>
        <criteriaItems>
            <field>Price_Change_Request__c.Price_Variation__c</field>
            <operation>lessThan</operation>
            <value>0</value>
        </criteriaItems>
    </entryCriteria>
    <finalApprovalActions>
        <action>
            <name>ApprovalDate</name>
            <type>FieldUpdate</type>
        </action>
        <action>
            <name>Update_Status_End</name>
            <type>FieldUpdate</type>
        </action>
    </finalApprovalActions>
    <finalApprovalRecordLock>true</finalApprovalRecordLock>
    <finalRejectionActions>
        <action>
            <name>Update_Status_End_Reject</name>
            <type>FieldUpdate</type>
        </action>
    </finalRejectionActions>
    <finalRejectionRecordLock>false</finalRejectionRecordLock>
    <initialSubmissionActions>
        <action>
            <name>Update_Status_Start</name>
            <type>FieldUpdate</type>
        </action>
    </initialSubmissionActions>
    <label>Lump Sum Approval Process V2.0- negative</label>
    <recallActions>
        <action>
            <name>Update_LS_Status</name>
            <type>FieldUpdate</type>
        </action>
    </recallActions>
    <recordEditability>AdminOrCurrentApprover</recordEditability>
    <showApprovalHistory>true</showApprovalHistory>
</ApprovalProcess>
