<?xml version="1.0" encoding="UTF-8"?>
<ApprovalProcess xmlns="http://soap.sforce.com/2006/04/metadata">
    <active>false</active>
    <allowRecall>true</allowRecall>
    <allowedSubmitters>
        <type>owner</type>
    </allowedSubmitters>
    <approvalPageFields>
        <field>Lump_Sum_Request_Number__c</field>
        <field>Name</field>
        <field>Owner</field>
    </approvalPageFields>
    <approvalStep>
        <allowDelegate>true</allowDelegate>
        <approvalActions>
            <action>
                <name>Step_1_Approved_EMEA_Positive</name>
                <type>FieldUpdate</type>
            </action>
        </approvalActions>
        <assignedApprover>
            <approver>
                <name>EMEA_SA_Group</name>
                <type>queue</type>
            </approver>
            <whenMultipleApprovers>FirstResponse</whenMultipleApprovers>
        </assignedApprover>
        <description>step for EMEA with positive impact</description>
        <entryCriteria>
            <booleanFilter>(1 OR 3) AND 2</booleanFilter>
            <criteriaItems>
                <field>Price_Change_Request__c.Region__c</field>
                <operation>equals</operation>
                <value>Europe</value>
            </criteriaItems>
            <criteriaItems>
                <field>Price_Change_Request__c.Impact__c</field>
                <operation>greaterOrEqual</operation>
                <value>0</value>
            </criteriaItems>
            <criteriaItems>
                <field>Price_Change_Request__c.Region__c</field>
                <operation>equals</operation>
                <value>EMEA</value>
            </criteriaItems>
        </entryCriteria>
        <ifCriteriaNotMet>GotoNextStep</ifCriteriaNotMet>
        <label>Sales Admin Approval</label>
        <name>Sales_Admin_Approval_EMEA_Positive</name>
        <rejectionActions>
            <action>
                <name>Step_1_Rejected_EMEA_Positive</name>
                <type>FieldUpdate</type>
            </action>
        </rejectionActions>
    </approvalStep>
    <approvalStep>
        <allowDelegate>true</allowDelegate>
        <approvalActions>
            <action>
                <name>Step_1_Approved_NA_Positive</name>
                <type>FieldUpdate</type>
            </action>
        </approvalActions>
        <assignedApprover>
            <approver>
                <name>NA_SA_Group</name>
                <type>queue</type>
            </approver>
            <whenMultipleApprovers>FirstResponse</whenMultipleApprovers>
        </assignedApprover>
        <description>Step to Approve North America with Positive Impact</description>
        <entryCriteria>
            <criteriaItems>
                <field>Price_Change_Request__c.Region__c</field>
                <operation>equals</operation>
                <value>North America</value>
            </criteriaItems>
            <criteriaItems>
                <field>Price_Change_Request__c.Impact__c</field>
                <operation>greaterOrEqual</operation>
                <value>0</value>
            </criteriaItems>
        </entryCriteria>
        <ifCriteriaNotMet>GotoNextStep</ifCriteriaNotMet>
        <label>Sales Admin Approval</label>
        <name>Sales_Admin_Approval_NA_Positive</name>
        <rejectBehavior>
            <type>RejectRequest</type>
        </rejectBehavior>
        <rejectionActions>
            <action>
                <name>Step_1_Rejected_NA_Positive</name>
                <type>FieldUpdate</type>
            </action>
        </rejectionActions>
    </approvalStep>
    <approvalStep>
        <allowDelegate>true</allowDelegate>
        <approvalActions>
            <action>
                <name>AddAttach</name>
                <type>FieldUpdate</type>
            </action>
            <action>
                <name>LS_Send_Email_to_Credit_Team_EMEA</name>
                <type>Alert</type>
            </action>
            <action>
                <name>Step_2_Approved_Credit_Team_EMEA</name>
                <type>FieldUpdate</type>
            </action>
        </approvalActions>
        <assignedApprover>
            <approver>
                <name>HTT_EMEA_Credit_Team</name>
                <type>queue</type>
            </approver>
            <whenMultipleApprovers>FirstResponse</whenMultipleApprovers>
        </assignedApprover>
        <description>Approval Step for EMEA Postive Impact</description>
        <entryCriteria>
            <booleanFilter>(1 OR 2) AND 3</booleanFilter>
            <criteriaItems>
                <field>Price_Change_Request__c.Region__c</field>
                <operation>equals</operation>
                <value>Europe</value>
            </criteriaItems>
            <criteriaItems>
                <field>Price_Change_Request__c.Region__c</field>
                <operation>equals</operation>
                <value>EMEA</value>
            </criteriaItems>
            <criteriaItems>
                <field>Price_Change_Request__c.Impact__c</field>
                <operation>greaterOrEqual</operation>
                <value>0</value>
            </criteriaItems>
        </entryCriteria>
        <ifCriteriaNotMet>GotoNextStep</ifCriteriaNotMet>
        <label>Credit Team Approval</label>
        <name>Credit_Team_Approval_EMEA_Positive</name>
        <rejectBehavior>
            <type>RejectRequest</type>
        </rejectBehavior>
        <rejectionActions>
            <action>
                <name>Step_2_Rejected_Credit_Team_EMEA</name>
                <type>FieldUpdate</type>
            </action>
        </rejectionActions>
    </approvalStep>
    <approvalStep>
        <allowDelegate>true</allowDelegate>
        <approvalActions>
            <action>
                <name>Add_Attc_NA</name>
                <type>FieldUpdate</type>
            </action>
            <action>
                <name>Positive_Lump_Sum_Approved_NA</name>
                <type>Alert</type>
            </action>
            <action>
                <name>Step_2_Approved_Credit_Team_NA</name>
                <type>FieldUpdate</type>
            </action>
        </approvalActions>
        <assignedApprover>
            <approver>
                <name>HTT_NA_Credit_Team</name>
                <type>queue</type>
            </approver>
            <whenMultipleApprovers>FirstResponse</whenMultipleApprovers>
        </assignedApprover>
        <description>Approval step for positive Impact NA</description>
        <entryCriteria>
            <criteriaItems>
                <field>Price_Change_Request__c.Region__c</field>
                <operation>equals</operation>
                <value>North America</value>
            </criteriaItems>
            <criteriaItems>
                <field>Price_Change_Request__c.Impact__c</field>
                <operation>greaterOrEqual</operation>
                <value>0</value>
            </criteriaItems>
        </entryCriteria>
        <label>Credit Team Approval</label>
        <name>Credit_Team_Approval_NA_Positive</name>
        <rejectBehavior>
            <type>RejectRequest</type>
        </rejectBehavior>
        <rejectionActions>
            <action>
                <name>Step_2_Rejected_Credit_Team_NA</name>
                <type>FieldUpdate</type>
            </action>
        </rejectionActions>
    </approvalStep>
    <description>The approval process (positive) used for the Lump Sum PCR process for Europe and North America regions.</description>
    <emailTemplate>HTT_OE_Templates/Price_Change_Request_Initial_Submit</emailTemplate>
    <enableMobileDeviceAccess>false</enableMobileDeviceAccess>
    <entryCriteria>
        <booleanFilter>1 AND 2</booleanFilter>
        <criteriaItems>
            <field>Price_Change_Request__c.RecordType</field>
            <operation>equals</operation>
            <value>Lump Sum</value>
        </criteriaItems>
        <criteriaItems>
            <field>Price_Change_Request__c.Price_Variation__c</field>
            <operation>greaterOrEqual</operation>
            <value>0</value>
        </criteriaItems>
    </entryCriteria>
    <finalApprovalActions>
        <action>
            <name>ApprovalDate</name>
            <type>FieldUpdate</type>
        </action>
        <action>
            <name>Update_Status_End</name>
            <type>FieldUpdate</type>
        </action>
    </finalApprovalActions>
    <finalApprovalRecordLock>true</finalApprovalRecordLock>
    <finalRejectionActions>
        <action>
            <name>Update_Status_End_Reject</name>
            <type>FieldUpdate</type>
        </action>
    </finalRejectionActions>
    <finalRejectionRecordLock>false</finalRejectionRecordLock>
    <initialSubmissionActions>
        <action>
            <name>Additoonal_Alert1</name>
            <type>Alert</type>
        </action>
        <action>
            <name>Update_Status_Start</name>
            <type>FieldUpdate</type>
        </action>
    </initialSubmissionActions>
    <label>Lump Sum Approval Process V2.0-positve</label>
    <recallActions>
        <action>
            <name>Update_LS_Status</name>
            <type>FieldUpdate</type>
        </action>
    </recallActions>
    <recordEditability>AdminOrCurrentApprover</recordEditability>
    <showApprovalHistory>true</showApprovalHistory>
</ApprovalProcess>
