<?xml version="1.0" encoding="UTF-8"?>
<AppMenu xmlns="http://soap.sforce.com/2006/04/metadata">
    <appMenuItems>
        <name>Feed</name>
        <type>StandardAppMenuItem</type>
    </appMenuItems>
    <appMenuItems>
        <name>People</name>
        <type>StandardAppMenuItem</type>
    </appMenuItems>
    <appMenuItems>
        <name>Groups</name>
        <type>StandardAppMenuItem</type>
    </appMenuItems>
    <appMenuItems>
        <name>MyDay</name>
        <type>StandardAppMenuItem</type>
    </appMenuItems>
    <appMenuItems>
        <name>Search</name>
        <type>StandardAppMenuItem</type>
    </appMenuItems>
    <appMenuItems>
        <name>Tasks</name>
        <type>StandardAppMenuItem</type>
    </appMenuItems>
    <appMenuItems>
        <name>G_H_Request</name>
        <type>CustomTab</type>
    </appMenuItems>
    <appMenuItems>
        <name>Dashboards</name>
        <type>StandardAppMenuItem</type>
    </appMenuItems>
    <appMenuItems>
        <name>Events</name>
        <type>StandardAppMenuItem</type>
    </appMenuItems>
    <appMenuItems>
        <name>My_Calendar</name>
        <type>CustomTab</type>
    </appMenuItems>
    <appMenuItems>
        <name>Event_VOC</name>
        <type>CustomTab</type>
    </appMenuItems>
    <appMenuItems>
        <name>eContacts__SF1_Queue_Page</name>
        <type>CustomTab</type>
    </appMenuItems>
</AppMenu>
