<?xml version="1.0" encoding="UTF-8"?>
<AutoResponseRules xmlns="http://soap.sforce.com/2006/04/metadata">
    <autoResponseRule>
        <fullName>Internal Support Cases Auto Reponder</fullName>
        <active>true</active>
        <ruleEntry>
            <criteriaItems>
                <field>Case.RecordTypeId</field>
                <operation>equals</operation>
                <value>TS Support Cases</value>
            </criteriaItems>
            <criteriaItems>
                <field>Case.Origin</field>
                <operation>equals</operation>
                <value>eOrder</value>
            </criteriaItems>
            <notifyCcRecipients>false</notifyCcRecipients>
            <replyToEmail>eordersupport@honeywell.com</replyToEmail>
            <senderEmail>tsdonotreply@honeywell.com</senderEmail>
            <senderName>eOrder Support</senderName>
            <template>Internal_Support_Templates_Cases/TS_Support_new_case_eOrder</template>
        </ruleEntry>
        <ruleEntry>
            <criteriaItems>
                <field>Case.RecordTypeId</field>
                <operation>equals</operation>
                <value>Garrett-IAM-DistributorContactus,Garrett-IAM-PerfoEnthusContactus,Garrett-OEM-InvestorsContactus,Garrett-IAM-VehicleOwnerContactus,Garrett-OEM-RepresentativeContactus,Garrett-CoVS-FleetOwnercontactus</value>
            </criteriaItems>
            <criteriaItems>
                <field>Case.Origin</field>
                <operation>equals</operation>
                <value>Web</value>
            </criteriaItems>
            <notifyCcRecipients>false</notifyCcRecipients>
            <replyToEmail>tssalesforcesupport@honeywell.com</replyToEmail>
            <senderEmail>tsdonotreply@honeywell.com</senderEmail>
            <senderName>Garrett Advancing Motion</senderName>
            <template>IAM_Division_Email_Templates/HTT_IAM_Web2Case_autoresponse</template>
        </ruleEntry>
        <ruleEntry>
            <criteriaItems>
                <field>Case.RecordTypeId</field>
                <operation>equals</operation>
                <value>HAS Case</value>
            </criteriaItems>
            <notifyCcRecipients>false</notifyCcRecipients>
            <replyToEmail>onramp.support@honeywell.com</replyToEmail>
            <senderEmail>tsdonotreply@honeywell.com</senderEmail>
            <senderName>TS DoNotReply</senderName>
            <template>HAS_Support_Email_Templates/HAS_Case_Email_reply</template>
        </ruleEntry>
        <ruleEntry>
            <criteriaItems>
                <field>Case.RecordTypeId</field>
                <operation>equals</operation>
                <value>TS Support Cases</value>
            </criteriaItems>
            <notifyCcRecipients>false</notifyCcRecipients>
            <replyToEmail>tssalesforcesupport@honeywell.com</replyToEmail>
            <senderEmail>tsdonotreply@honeywell.com</senderEmail>
            <senderName>SFDC Support</senderName>
            <template>Internal_Support_Templates_Cases/SFDC_Support_New_Request</template>
        </ruleEntry>
    </autoResponseRule>
</AutoResponseRules>
