<?xml version="1.0" encoding="UTF-8"?>
<CustomApplication xmlns="http://soap.sforce.com/2006/04/metadata">
    <defaultLandingTab>standard-LiveAgentSupervisor</defaultLandingTab>
    <description>Utilizing Salesforce Classic, this app can be used to monitor Live Agent chat sessions in real-time.</description>
    <formFactors>Large</formFactors>
    <isNavAutoTempTabsDisabled>false</isNavAutoTempTabsDisabled>
    <isNavPersonalizationDisabled>false</isNavPersonalizationDisabled>
    <label>Classic Chat Monitoring</label>
    <tabs>standard-LiveAgentSupervisor</tabs>
    <tabs>standard-LiveChatTranscript</tabs>
    <tabs>standard-LiveChatVisitor</tabs>
    <tabs>standard-LiveAgentSession</tabs>
    <tabs>standard-OmniSupervisor</tabs>
    <tabs>standard-AppLauncher</tabs>
    <tabs>Knowledge__kav</tabs>
    <tabs>standard-Case</tabs>
    <tabs>standard-Account</tabs>
    <tabs>standard-report</tabs>
</CustomApplication>
