<?xml version="1.0" encoding="UTF-8"?>
<CustomApplication xmlns="http://soap.sforce.com/2006/04/metadata">
    <actionOverrides>
        <actionName>View</actionName>
        <comment>Action override created by Lightning App Builder during activation.</comment>
        <content>Customer_Care_Case_Page_Alpha</content>
        <formFactor>Large</formFactor>
        <skipRecordTypeSelect>false</skipRecordTypeSelect>
        <type>Flexipage</type>
        <pageOrSobjectType>Case</pageOrSobjectType>
    </actionOverrides>
    <brand>
        <headerColor>#126084</headerColor>
        <shouldOverrideOrgTheme>false</shouldOverrideOrgTheme>
    </brand>
    <description>Manage customer cases while utilizing the new Aspect page</description>
    <formFactors>Large</formFactors>
    <isNavAutoTempTabsDisabled>false</isNavAutoTempTabsDisabled>
    <isNavPersonalizationDisabled>false</isNavPersonalizationDisabled>
    <label>Customer Care (Aspect Pilot)</label>
    <navType>Console</navType>
    <profileActionOverrides>
        <actionName>View</actionName>
        <content>Person_Account_P2</content>
        <formFactor>Large</formFactor>
        <pageOrSobjectType>Account</pageOrSobjectType>
        <recordType>PersonAccount.PersonAccount</recordType>
        <type>Flexipage</type>
        <profile>Customer Care (Aspect Pilot)</profile>
    </profileActionOverrides>
    <profileActionOverrides>
        <actionName>View</actionName>
        <content>Partner_Account_Record_Page_v2</content>
        <formFactor>Large</formFactor>
        <pageOrSobjectType>Account</pageOrSobjectType>
        <recordType>Account.Partner_Account</recordType>
        <type>Flexipage</type>
        <profile>Customer Care (Aspect Pilot)</profile>
    </profileActionOverrides>
    <profileActionOverrides>
        <actionName>View</actionName>
        <content>Warehouse_Record_for_PC</content>
        <formFactor>Large</formFactor>
        <pageOrSobjectType>Account</pageOrSobjectType>
        <recordType>Account.Warehouse</recordType>
        <type>Flexipage</type>
        <profile>Customer Care (Aspect Pilot)</profile>
    </profileActionOverrides>
    <profileActionOverrides>
        <actionName>View</actionName>
        <content>Partner_Account_Record_Page_v2</content>
        <formFactor>Large</formFactor>
        <pageOrSobjectType>Account</pageOrSobjectType>
        <recordType>Account.Partner_Account</recordType>
        <type>Flexipage</type>
        <profile>API Integration</profile>
    </profileActionOverrides>
    <profileActionOverrides>
        <actionName>View</actionName>
        <content>Partner_Account_Record_Page_v2</content>
        <formFactor>Large</formFactor>
        <pageOrSobjectType>Account</pageOrSobjectType>
        <recordType>Account.Partner_Account</recordType>
        <type>Flexipage</type>
        <profile>Business Development</profile>
    </profileActionOverrides>
    <profileActionOverrides>
        <actionName>View</actionName>
        <content>Partner_Account_Record_Page_v2</content>
        <formFactor>Large</formFactor>
        <pageOrSobjectType>Account</pageOrSobjectType>
        <recordType>Account.Partner_Account</recordType>
        <type>Flexipage</type>
        <profile>Buyers</profile>
    </profileActionOverrides>
    <profileActionOverrides>
        <actionName>View</actionName>
        <content>Partner_Account_Record_Page_v2</content>
        <formFactor>Large</formFactor>
        <pageOrSobjectType>Account</pageOrSobjectType>
        <recordType>Account.Partner_Account</recordType>
        <type>Flexipage</type>
        <profile>Chatter External User</profile>
    </profileActionOverrides>
    <profileActionOverrides>
        <actionName>View</actionName>
        <content>Partner_Account_Record_Page_v2</content>
        <formFactor>Large</formFactor>
        <pageOrSobjectType>Account</pageOrSobjectType>
        <recordType>Account.Partner_Account</recordType>
        <type>Flexipage</type>
        <profile>Chatter Free User</profile>
    </profileActionOverrides>
    <profileActionOverrides>
        <actionName>View</actionName>
        <content>Partner_Account_Record_Page_v2</content>
        <formFactor>Large</formFactor>
        <pageOrSobjectType>Account</pageOrSobjectType>
        <recordType>Account.Partner_Account</recordType>
        <type>Flexipage</type>
        <profile>Chatter Moderator User</profile>
    </profileActionOverrides>
    <profileActionOverrides>
        <actionName>View</actionName>
        <content>Partner_Account_Record_Page_v2</content>
        <formFactor>Large</formFactor>
        <pageOrSobjectType>Account</pageOrSobjectType>
        <recordType>Account.Partner_Account</recordType>
        <type>Flexipage</type>
        <profile>ContractManager</profile>
    </profileActionOverrides>
    <profileActionOverrides>
        <actionName>View</actionName>
        <content>Partner_Account_Record_Page_v2</content>
        <formFactor>Large</formFactor>
        <pageOrSobjectType>Account</pageOrSobjectType>
        <recordType>Account.Partner_Account</recordType>
        <type>Flexipage</type>
        <profile>Deactivated Users</profile>
    </profileActionOverrides>
    <profileActionOverrides>
        <actionName>View</actionName>
        <content>Partner_Account_Record_Page_v2</content>
        <formFactor>Large</formFactor>
        <pageOrSobjectType>Account</pageOrSobjectType>
        <recordType>Account.Partner_Account</recordType>
        <type>Flexipage</type>
        <profile>Customer Care (Lead+Knowledge) 2.0</profile>
    </profileActionOverrides>
    <profileActionOverrides>
        <actionName>View</actionName>
        <content>Partner_Account_Record_Page_v2</content>
        <formFactor>Large</formFactor>
        <pageOrSobjectType>Account</pageOrSobjectType>
        <recordType>Account.Partner_Account</recordType>
        <type>Flexipage</type>
        <profile>Customer Care (Leaders) 2.0</profile>
    </profileActionOverrides>
    <profileActionOverrides>
        <actionName>View</actionName>
        <content>Partner_Account_Record_Page_v2</content>
        <formFactor>Large</formFactor>
        <pageOrSobjectType>Account</pageOrSobjectType>
        <recordType>Account.Partner_Account</recordType>
        <type>Flexipage</type>
        <profile>Customer Care (Omni-1 Chat) 2.0</profile>
    </profileActionOverrides>
    <profileActionOverrides>
        <actionName>View</actionName>
        <content>Partner_Account_Record_Page_v2</content>
        <formFactor>Large</formFactor>
        <pageOrSobjectType>Account</pageOrSobjectType>
        <recordType>Account.Partner_Account</recordType>
        <type>Flexipage</type>
        <profile>Customer Care (Omni-Monitor) 2.0</profile>
    </profileActionOverrides>
    <profileActionOverrides>
        <actionName>View</actionName>
        <content>Partner_Account_Record_Page_v2</content>
        <formFactor>Large</formFactor>
        <pageOrSobjectType>Account</pageOrSobjectType>
        <recordType>Account.Partner_Account</recordType>
        <type>Flexipage</type>
        <profile>Customer Care (Omni) 2.0</profile>
    </profileActionOverrides>
    <profileActionOverrides>
        <actionName>View</actionName>
        <content>Partner_Account_Record_Page_v2</content>
        <formFactor>Large</formFactor>
        <pageOrSobjectType>Account</pageOrSobjectType>
        <recordType>Account.Partner_Account</recordType>
        <type>Flexipage</type>
        <profile>Customer Care 2.0</profile>
    </profileActionOverrides>
    <profileActionOverrides>
        <actionName>View</actionName>
        <content>Partner_Account_Record_Page_v2</content>
        <formFactor>Large</formFactor>
        <pageOrSobjectType>Account</pageOrSobjectType>
        <recordType>Account.Partner_Account</recordType>
        <type>Flexipage</type>
        <profile>Customer Care Help Center Profile</profile>
    </profileActionOverrides>
    <profileActionOverrides>
        <actionName>View</actionName>
        <content>Partner_Account_Record_Page_v2</content>
        <formFactor>Large</formFactor>
        <pageOrSobjectType>Account</pageOrSobjectType>
        <recordType>Account.Partner_Account</recordType>
        <type>Flexipage</type>
        <profile>Customer Community Plus User</profile>
    </profileActionOverrides>
    <profileActionOverrides>
        <actionName>View</actionName>
        <content>Partner_Account_Record_Page_v2</content>
        <formFactor>Large</formFactor>
        <pageOrSobjectType>Account</pageOrSobjectType>
        <recordType>Account.Partner_Account</recordType>
        <type>Flexipage</type>
        <profile>DMA</profile>
    </profileActionOverrides>
    <profileActionOverrides>
        <actionName>View</actionName>
        <content>Partner_Account_Record_Page_v2</content>
        <formFactor>Large</formFactor>
        <pageOrSobjectType>Account</pageOrSobjectType>
        <recordType>Account.Partner_Account</recordType>
        <type>Flexipage</type>
        <profile>Fulfillment Profile</profile>
    </profileActionOverrides>
    <profileActionOverrides>
        <actionName>View</actionName>
        <content>Partner_Account_Record_Page_v2</content>
        <formFactor>Large</formFactor>
        <pageOrSobjectType>Account</pageOrSobjectType>
        <recordType>Account.Partner_Account</recordType>
        <type>Flexipage</type>
        <profile>Fulfillment Streamline Profile</profile>
    </profileActionOverrides>
    <profileActionOverrides>
        <actionName>View</actionName>
        <content>Partner_Account_Record_Page_v2</content>
        <formFactor>Large</formFactor>
        <pageOrSobjectType>Account</pageOrSobjectType>
        <recordType>Account.Partner_Account</recordType>
        <type>Flexipage</type>
        <profile>Guest License User</profile>
    </profileActionOverrides>
    <profileActionOverrides>
        <actionName>View</actionName>
        <content>Partner_Account_Record_Page_v2</content>
        <formFactor>Large</formFactor>
        <pageOrSobjectType>Account</pageOrSobjectType>
        <recordType>Account.Partner_Account</recordType>
        <type>Flexipage</type>
        <profile>IT Service</profile>
    </profileActionOverrides>
    <profileActionOverrides>
        <actionName>View</actionName>
        <content>Partner_Account_Record_Page_v2</content>
        <formFactor>Large</formFactor>
        <pageOrSobjectType>Account</pageOrSobjectType>
        <recordType>Account.Partner_Account</recordType>
        <type>Flexipage</type>
        <profile>IT Service Developer</profile>
    </profileActionOverrides>
    <profileActionOverrides>
        <actionName>View</actionName>
        <content>Partner_Account_Record_Page_v2</content>
        <formFactor>Large</formFactor>
        <pageOrSobjectType>Account</pageOrSobjectType>
        <recordType>Account.Partner_Account</recordType>
        <type>Flexipage</type>
        <profile>KB Manager</profile>
    </profileActionOverrides>
    <profileActionOverrides>
        <actionName>View</actionName>
        <content>Partner_Account_Record_Page_v2</content>
        <formFactor>Large</formFactor>
        <pageOrSobjectType>Account</pageOrSobjectType>
        <recordType>Account.Partner_Account</recordType>
        <type>Flexipage</type>
        <profile>KB Officer</profile>
    </profileActionOverrides>
    <profileActionOverrides>
        <actionName>View</actionName>
        <content>Partner_Account_Record_Page_v2</content>
        <formFactor>Large</formFactor>
        <pageOrSobjectType>Account</pageOrSobjectType>
        <recordType>Account.Partner_Account</recordType>
        <type>Flexipage</type>
        <profile>Market Partner</profile>
    </profileActionOverrides>
    <profileActionOverrides>
        <actionName>View</actionName>
        <content>Partner_Account_Record_Page_v2</content>
        <formFactor>Large</formFactor>
        <pageOrSobjectType>Account</pageOrSobjectType>
        <recordType>Account.Partner_Account</recordType>
        <type>Flexipage</type>
        <profile>MarketingProfile</profile>
    </profileActionOverrides>
    <profileActionOverrides>
        <actionName>View</actionName>
        <content>Partner_Account_Record_Page_v2</content>
        <formFactor>Large</formFactor>
        <pageOrSobjectType>Account</pageOrSobjectType>
        <recordType>Account.Partner_Account</recordType>
        <type>Flexipage</type>
        <profile>Marketplace Care</profile>
    </profileActionOverrides>
    <profileActionOverrides>
        <actionName>View</actionName>
        <content>Partner_Account_Record_Page_v2</content>
        <formFactor>Large</formFactor>
        <pageOrSobjectType>Account</pageOrSobjectType>
        <recordType>Account.Partner_Account</recordType>
        <type>Flexipage</type>
        <profile>Merchandising Knowledge Base Profile</profile>
    </profileActionOverrides>
    <profileActionOverrides>
        <actionName>View</actionName>
        <content>Partner_Account_Record_Page_v2</content>
        <formFactor>Large</formFactor>
        <pageOrSobjectType>Account</pageOrSobjectType>
        <recordType>Account.Partner_Account</recordType>
        <type>Flexipage</type>
        <profile>MP Fulfillment Profile</profile>
    </profileActionOverrides>
    <profileActionOverrides>
        <actionName>View</actionName>
        <content>Partner_Account_Record_Page_v2</content>
        <formFactor>Large</formFactor>
        <pageOrSobjectType>Account</pageOrSobjectType>
        <recordType>Account.Partner_Account</recordType>
        <type>Flexipage</type>
        <profile>MP Non-Fulfillment CAdvisor Profile</profile>
    </profileActionOverrides>
    <profileActionOverrides>
        <actionName>View</actionName>
        <content>Partner_Account_Record_Page_v2</content>
        <formFactor>Large</formFactor>
        <pageOrSobjectType>Account</pageOrSobjectType>
        <recordType>Account.Partner_Account</recordType>
        <type>Flexipage</type>
        <profile>MP Non-Fulfillment Profile</profile>
    </profileActionOverrides>
    <profileActionOverrides>
        <actionName>View</actionName>
        <content>Partner_Account_Record_Page_v2</content>
        <formFactor>Large</formFactor>
        <pageOrSobjectType>Account</pageOrSobjectType>
        <recordType>Account.Partner_Account</recordType>
        <type>Flexipage</type>
        <profile>MP Non-Fulfillment Salsify Profile</profile>
    </profileActionOverrides>
    <profileActionOverrides>
        <actionName>View</actionName>
        <content>Partner_Account_Record_Page_v2</content>
        <formFactor>Large</formFactor>
        <pageOrSobjectType>Account</pageOrSobjectType>
        <recordType>Account.Partner_Account</recordType>
        <type>Flexipage</type>
        <profile>Non-Fulfillment CAdvisor Profile</profile>
    </profileActionOverrides>
    <profileActionOverrides>
        <actionName>View</actionName>
        <content>Partner_Account_Record_Page_v2</content>
        <formFactor>Large</formFactor>
        <pageOrSobjectType>Account</pageOrSobjectType>
        <recordType>Account.Partner_Account</recordType>
        <type>Flexipage</type>
        <profile>Non-Fulfillment Profile</profile>
    </profileActionOverrides>
    <profileActionOverrides>
        <actionName>View</actionName>
        <content>Partner_Account_Record_Page_v2</content>
        <formFactor>Large</formFactor>
        <pageOrSobjectType>Account</pageOrSobjectType>
        <recordType>Account.Partner_Account</recordType>
        <type>Flexipage</type>
        <profile>Non-Fulfillment Salsify Profile</profile>
    </profileActionOverrides>
    <profileActionOverrides>
        <actionName>View</actionName>
        <content>Partner_Account_Record_Page_v2</content>
        <formFactor>Large</formFactor>
        <pageOrSobjectType>Account</pageOrSobjectType>
        <recordType>Account.Partner_Account</recordType>
        <type>Flexipage</type>
        <profile>Non-Fulfillment Streamline Profile</profile>
    </profileActionOverrides>
    <profileActionOverrides>
        <actionName>View</actionName>
        <content>Partner_Account_Record_Page_v2</content>
        <formFactor>Large</formFactor>
        <pageOrSobjectType>Account</pageOrSobjectType>
        <recordType>Account.Partner_Account</recordType>
        <type>Flexipage</type>
        <profile>Onboarding Contracting</profile>
    </profileActionOverrides>
    <profileActionOverrides>
        <actionName>View</actionName>
        <content>Partner_Account_Record_Page_v2</content>
        <formFactor>Large</formFactor>
        <pageOrSobjectType>Account</pageOrSobjectType>
        <recordType>Account.Partner_Account</recordType>
        <type>Flexipage</type>
        <profile>Onboarding Training</profile>
    </profileActionOverrides>
    <profileActionOverrides>
        <actionName>View</actionName>
        <content>Partner_Account_Record_Page_v2</content>
        <formFactor>Large</formFactor>
        <pageOrSobjectType>Account</pageOrSobjectType>
        <recordType>Account.Partner_Account</recordType>
        <type>Flexipage</type>
        <profile>Overstock.com Profile</profile>
    </profileActionOverrides>
    <profileActionOverrides>
        <actionName>View</actionName>
        <content>Partner_Account_Record_Page_v2</content>
        <formFactor>Large</formFactor>
        <pageOrSobjectType>Account</pageOrSobjectType>
        <recordType>Account.Partner_Account</recordType>
        <type>Flexipage</type>
        <profile>overstock.force.com Profile</profile>
    </profileActionOverrides>
    <profileActionOverrides>
        <actionName>View</actionName>
        <content>Partner_Account_Record_Page_v2</content>
        <formFactor>Large</formFactor>
        <pageOrSobjectType>Account</pageOrSobjectType>
        <recordType>Account.Partner_Account</recordType>
        <type>Flexipage</type>
        <profile>Partner Accounts Payable (PAP)</profile>
    </profileActionOverrides>
    <profileActionOverrides>
        <actionName>View</actionName>
        <content>Partner_Account_Record_Page_v2</content>
        <formFactor>Large</formFactor>
        <pageOrSobjectType>Account</pageOrSobjectType>
        <recordType>Account.Partner_Account</recordType>
        <type>Flexipage</type>
        <profile>Partner Care</profile>
    </profileActionOverrides>
    <profileActionOverrides>
        <actionName>View</actionName>
        <content>Partner_Account_Record_Page_v2</content>
        <formFactor>Large</formFactor>
        <pageOrSobjectType>Account</pageOrSobjectType>
        <recordType>Account.Partner_Account</recordType>
        <type>Flexipage</type>
        <profile>Partner Oasis Profile</profile>
    </profileActionOverrides>
    <profileActionOverrides>
        <actionName>View</actionName>
        <content>Partner_Account_Record_Page_v2</content>
        <formFactor>Large</formFactor>
        <pageOrSobjectType>Account</pageOrSobjectType>
        <recordType>Account.Partner_Account</recordType>
        <type>Flexipage</type>
        <profile>Partner Pay Support (PPS)</profile>
    </profileActionOverrides>
    <profileActionOverrides>
        <actionName>View</actionName>
        <content>Partner_Account_Record_Page_v2</content>
        <formFactor>Large</formFactor>
        <pageOrSobjectType>Account</pageOrSobjectType>
        <recordType>Account.Partner_Account</recordType>
        <type>Flexipage</type>
        <profile>PublicAPI Profile</profile>
    </profileActionOverrides>
    <profileActionOverrides>
        <actionName>View</actionName>
        <content>Partner_Account_Record_Page_v2</content>
        <formFactor>Large</formFactor>
        <pageOrSobjectType>Account</pageOrSobjectType>
        <recordType>Account.Partner_Account</recordType>
        <type>Flexipage</type>
        <profile>ReadOnly</profile>
    </profileActionOverrides>
    <profileActionOverrides>
        <actionName>View</actionName>
        <content>Partner_Account_Record_Page_v2</content>
        <formFactor>Large</formFactor>
        <pageOrSobjectType>Account</pageOrSobjectType>
        <recordType>Account.Partner_Account</recordType>
        <type>Flexipage</type>
        <profile>Reporting</profile>
    </profileActionOverrides>
    <profileActionOverrides>
        <actionName>View</actionName>
        <content>Partner_Account_Record_Page_v2</content>
        <formFactor>Large</formFactor>
        <pageOrSobjectType>Account</pageOrSobjectType>
        <recordType>Account.Partner_Account</recordType>
        <type>Flexipage</type>
        <profile>Shopping EKB for modal window Profile</profile>
    </profileActionOverrides>
    <profileActionOverrides>
        <actionName>View</actionName>
        <content>Partner_Account_Record_Page_v2</content>
        <formFactor>Large</formFactor>
        <pageOrSobjectType>Account</pageOrSobjectType>
        <recordType>Account.Partner_Account</recordType>
        <type>Flexipage</type>
        <profile>SKB Main Profile</profile>
    </profileActionOverrides>
    <profileActionOverrides>
        <actionName>View</actionName>
        <content>Partner_Account_Record_Page_v2</content>
        <formFactor>Large</formFactor>
        <pageOrSobjectType>Account</pageOrSobjectType>
        <recordType>Account.Partner_Account</recordType>
        <type>Flexipage</type>
        <profile>SKB Redirect Profile</profile>
    </profileActionOverrides>
    <profileActionOverrides>
        <actionName>View</actionName>
        <content>Partner_Account_Record_Page_v2</content>
        <formFactor>Large</formFactor>
        <pageOrSobjectType>Account</pageOrSobjectType>
        <recordType>Account.Partner_Account</recordType>
        <type>Flexipage</type>
        <profile>SOFS Accounting</profile>
    </profileActionOverrides>
    <profileActionOverrides>
        <actionName>View</actionName>
        <content>Partner_Account_Record_Page_v2</content>
        <formFactor>Large</formFactor>
        <pageOrSobjectType>Account</pageOrSobjectType>
        <recordType>Account.Partner_Account</recordType>
        <type>Flexipage</type>
        <profile>SOFS Sales</profile>
    </profileActionOverrides>
    <profileActionOverrides>
        <actionName>View</actionName>
        <content>Partner_Account_Record_Page_v2</content>
        <formFactor>Large</formFactor>
        <pageOrSobjectType>Account</pageOrSobjectType>
        <recordType>Account.Partner_Account</recordType>
        <type>Flexipage</type>
        <profile>SolutionManager</profile>
    </profileActionOverrides>
    <profileActionOverrides>
        <actionName>View</actionName>
        <content>Partner_Account_Record_Page_v2</content>
        <formFactor>Large</formFactor>
        <pageOrSobjectType>Account</pageOrSobjectType>
        <recordType>Account.Partner_Account</recordType>
        <type>Flexipage</type>
        <profile>Standard</profile>
    </profileActionOverrides>
    <profileActionOverrides>
        <actionName>View</actionName>
        <content>Partner_Account_Record_Page_v2</content>
        <formFactor>Large</formFactor>
        <pageOrSobjectType>Account</pageOrSobjectType>
        <recordType>Account.Partner_Account</recordType>
        <type>Flexipage</type>
        <profile>Super User</profile>
    </profileActionOverrides>
    <profileActionOverrides>
        <actionName>View</actionName>
        <content>Partner_Account_Record_Page_v2</content>
        <formFactor>Large</formFactor>
        <pageOrSobjectType>Account</pageOrSobjectType>
        <recordType>Account.Partner_Account</recordType>
        <type>Flexipage</type>
        <profile>Admin</profile>
    </profileActionOverrides>
    <profileActionOverrides>
        <actionName>View</actionName>
        <content>Partner_Account_Record_Page_v2</content>
        <formFactor>Large</formFactor>
        <pageOrSobjectType>Account</pageOrSobjectType>
        <recordType>Account.Partner_Account</recordType>
        <type>Flexipage</type>
        <profile>System Administrator I</profile>
    </profileActionOverrides>
    <profileActionOverrides>
        <actionName>View</actionName>
        <content>Partner_Account_Record_Page_v2</content>
        <formFactor>Large</formFactor>
        <pageOrSobjectType>Account</pageOrSobjectType>
        <recordType>Account.Partner_Account</recordType>
        <type>Flexipage</type>
        <profile>Training full access (for cloning)</profile>
    </profileActionOverrides>
    <profileActionOverrides>
        <actionName>View</actionName>
        <content>Partner_Account_Record_Page_v2</content>
        <formFactor>Large</formFactor>
        <pageOrSobjectType>Account</pageOrSobjectType>
        <recordType>Account.Partner_Account</recordType>
        <type>Flexipage</type>
        <profile>Transportation Care (3PB)</profile>
    </profileActionOverrides>
    <tabs>standard-home</tabs>
    <tabs>WFO</tabs>
    <tabs>CSApp</tabs>
    <tabs>CSApp_Search_2_0</tabs>
    <tabs>standard-Case</tabs>
    <tabs>standard-Account</tabs>
    <tabs>standard-Dashboard</tabs>
    <tabs>standard-report</tabs>
    <tabs>Knowledge__kav</tabs>
    <tabs>standard-LiveChatTranscript</tabs>
    <uiType>Lightning</uiType>
    <utilityBar>Customer_Care_Aspect_Pilot_UtilityBar</utilityBar>
    <workspaceConfig>
        <mappings>
            <tab>CSApp</tab>
        </mappings>
        <mappings>
            <tab>CSApp_Search_2_0</tab>
        </mappings>
        <mappings>
            <tab>Knowledge__kav</tab>
        </mappings>
        <mappings>
            <tab>WFO</tab>
        </mappings>
        <mappings>
            <tab>standard-Account</tab>
        </mappings>
        <mappings>
            <fieldName>AccountId</fieldName>
            <tab>standard-Case</tab>
        </mappings>
        <mappings>
            <tab>standard-Dashboard</tab>
        </mappings>
        <mappings>
            <fieldName>AccountId</fieldName>
            <tab>standard-LiveChatTranscript</tab>
        </mappings>
        <mappings>
            <tab>standard-home</tab>
        </mappings>
        <mappings>
            <tab>standard-report</tab>
        </mappings>
    </workspaceConfig>
</CustomApplication>
