<?xml version="1.0" encoding="UTF-8"?>
<AssignmentRules xmlns="http://soap.sforce.com/2006/04/metadata">
    <assignmentRule>
        <fullName>Email Routing</fullName>
        <active>true</active>
        <ruleEntry>
            <assignedTo>Internal_Support</assignedTo>
            <assignedToType>Queue</assignedToType>
            <criteriaItems>
                <field>Case.RecordTypeId</field>
                <operation>equals</operation>
                <value>TS Support Cases</value>
            </criteriaItems>
            <criteriaItems>
                <field>Case.Origin</field>
                <operation>notEqual</operation>
                <value>eOrder</value>
            </criteriaItems>
        </ruleEntry>
        <ruleEntry>
            <assignedTo>Market_Intelligence_Inbox</assignedTo>
            <assignedToType>Queue</assignedToType>
            <criteriaItems>
                <field>Case.RecordTypeId</field>
                <operation>equals</operation>
                <value>Market Intelligence</value>
            </criteriaItems>
            <template>unfiled$public/HTT_Intel_Case_Notification</template>
        </ruleEntry>
        <ruleEntry>
            <assignedTo>FrontofficeUS</assignedTo>
            <assignedToType>Queue</assignedToType>
            <criteriaItems>
                <field>Case.Origin</field>
                <operation>equals</operation>
                <value>Web</value>
            </criteriaItems>
            <criteriaItems>
                <field>Case.Type</field>
                <operation>equals</operation>
                <value>Web Case</value>
            </criteriaItems>
        </ruleEntry>
        <ruleEntry>
            <assignedTo>SalesAdminAmericas</assignedTo>
            <assignedToType>Queue</assignedToType>
            <formula>AND( RecordType.DeveloperName =&#39;Case_Record&#39;,OR(ISPICKVAL(Account.Owner.Region1__c, &#39;Americas&#39;), Account.Owner.Country =&#39;Americas&#39;),OR(ISPICKVAL(Type, &#39;SAP Customer Master&#39;),ISPICKVAL(Type, &#39;Price Change Request&#39;)), NOT(ISPICKVAL(Escalation_Status__c,&#39;Escalated&#39;)))</formula>
            <template>unfiled$public/SUPPORTNewassignmentnotificationSAMPLE</template>
        </ruleEntry>
        <ruleEntry>
            <assignedTo>nicolas.vilnet@garrettmotion.com</assignedTo>
            <assignedToType>User</assignedToType>
            <booleanFilter>(1 OR 3 OR 4) AND 2</booleanFilter>
            <criteriaItems>
                <field>Case.RecordTypeId</field>
                <operation>equals</operation>
                <value>Garrett-IAM-DistributorContactus</value>
            </criteriaItems>
            <criteriaItems>
                <field>Case.Country__c</field>
                <operation>equals</operation>
                <value>Portugal,Spain,Belgium,Luxembourg,Netherlands,France,Guadeloupe</value>
            </criteriaItems>
            <criteriaItems>
                <field>Case.RecordTypeId</field>
                <operation>equals</operation>
                <value>Garrett-IAM-PerfoEnthusContactus</value>
            </criteriaItems>
            <criteriaItems>
                <field>Case.RecordTypeId</field>
                <operation>equals</operation>
                <value>Garrett-IAM-VehicleOwnerContactus</value>
            </criteriaItems>
            <template>IAM_Division_Email_Templates/HTT_IAM_Web2Case_Response_to_Owner</template>
        </ruleEntry>
        <ruleEntry>
            <assignedTo>julien.legrix@garrettmotion.com</assignedTo>
            <assignedToType>User</assignedToType>
            <booleanFilter>(1 OR 6 OR 7 OR 8) AND (2 OR 3 OR 4 OR 5)</booleanFilter>
            <criteriaItems>
                <field>Case.RecordTypeId</field>
                <operation>equals</operation>
                <value>HTT Garrett</value>
            </criteriaItems>
            <criteriaItems>
                <field>Case.Country__c</field>
                <operation>equals</operation>
                <value>Turkey,Afghanistan,Bahrain,Iran,Iraq,Jordan,Kuwait,Kyrgyzstan,Lebanon,Oman,Pakistan,Qatar,Saudi Arabia,Syria,Tajikistan,Turkmenistan,United Arab Emirates,Uzbekistan,West Bank,Yemen,Algeria</value>
            </criteriaItems>
            <criteriaItems>
                <field>Case.Country__c</field>
                <operation>equals</operation>
                <value>Egypt</value>
            </criteriaItems>
            <criteriaItems>
                <field>Case.Country__c</field>
                <operation>equals</operation>
                <value>Morocco,Tunisia,Libya</value>
            </criteriaItems>
            <criteriaItems>
                <field>Case.Country__c</field>
                <operation>equals</operation>
                <value>Holy See (Vatican City),Italy,Cyprus,Greece,Azerbaijan</value>
            </criteriaItems>
            <criteriaItems>
                <field>Case.RecordTypeId</field>
                <operation>equals</operation>
                <value>Garrett-IAM-DistributorContactus</value>
            </criteriaItems>
            <criteriaItems>
                <field>Case.RecordTypeId</field>
                <operation>equals</operation>
                <value>Garrett-IAM-VehicleOwnerContactus</value>
            </criteriaItems>
            <criteriaItems>
                <field>Case.RecordTypeId</field>
                <operation>equals</operation>
                <value>Garrett-IAM-PerfoEnthusContactus</value>
            </criteriaItems>
            <template>IAM_Division_Email_Templates/HTT_IAM_Web2Case_Response_to_Owner</template>
        </ruleEntry>
        <ruleEntry>
            <assignedTo>john.wilson2@garrettmotion.com</assignedTo>
            <assignedToType>User</assignedToType>
            <booleanFilter>(1 OR 4 OR 5) AND (2 OR 3)</booleanFilter>
            <criteriaItems>
                <field>Case.RecordTypeId</field>
                <operation>equals</operation>
                <value>Garrett-IAM-DistributorContactus</value>
            </criteriaItems>
            <criteriaItems>
                <field>Case.Country__c</field>
                <operation>equals</operation>
                <value>Czech Republic,Poland,Hungary,Romania,Moldova,Croatia,Slovenia,Slovakia,Bulgaria,Serbia and Montenegro,Bosnia and Herzegovina,Albania,Macedonia,Bermuda,British Indian Ocean Territory,British Virgin Islands,Cayman Islands,Israel</value>
            </criteriaItems>
            <criteriaItems>
                <field>Case.Country__c</field>
                <operation>equals</operation>
                <value>South Africa,United Kingdom,Ireland,Faroe Islands,Gibraltar,Guernsey,Isle of Man,Liechtenstein,Malta,Armenia,Cameroon,Angola,Benin,Botswana,Burkina Faso,Burundi,Cape Verde,Central African Republic,Chad,Comoros,Mauritius</value>
            </criteriaItems>
            <criteriaItems>
                <field>Case.RecordTypeId</field>
                <operation>equals</operation>
                <value>Garrett-IAM-VehicleOwnerContactus</value>
            </criteriaItems>
            <criteriaItems>
                <field>Case.RecordTypeId</field>
                <operation>equals</operation>
                <value>Garrett-IAM-PerfoEnthusContactus</value>
            </criteriaItems>
            <template>IAM_Division_Email_Templates/HTT_IAM_Web2Case_Response_to_Owner</template>
        </ruleEntry>
        <ruleEntry>
            <assignedTo>terri.gillham@garrettmotion.com</assignedTo>
            <assignedToType>User</assignedToType>
            <booleanFilter>(1 OR 4 OR 5) AND (2 OR 3)</booleanFilter>
            <criteriaItems>
                <field>Case.RecordTypeId</field>
                <operation>equals</operation>
                <value>Garrett-IAM-VehicleOwnerContactus</value>
            </criteriaItems>
            <criteriaItems>
                <field>Case.Country__c</field>
                <operation>equals</operation>
                <value>Antigua and Barbuda,&quot;Bahamas, The&quot;,Belize,Canada,Costa Rica,Cuba,Dominica,Dominican Republic,El Salvador,Grenada,Guatemala,Haiti,Honduras,Jamaica</value>
            </criteriaItems>
            <criteriaItems>
                <field>Case.Country__c</field>
                <operation>equals</operation>
                <value>Nicaragua,Panama,Saint Kitts and Nevis,Saint Lucia,Saint Vincent and the Grenadines,Trinidad and Tobago,United States</value>
            </criteriaItems>
            <criteriaItems>
                <field>Case.RecordTypeId</field>
                <operation>equals</operation>
                <value>Garrett-IAM-DistributorContactus</value>
            </criteriaItems>
            <criteriaItems>
                <field>Case.RecordTypeId</field>
                <operation>equals</operation>
                <value>Garrett-IAM-PerfoEnthusContactus</value>
            </criteriaItems>
            <template>IAM_Division_Email_Templates/HTT_IAM_Web2Case_Response_to_Owner</template>
        </ruleEntry>
        <ruleEntry>
            <assignedTo>robert.stafford@garrettmotion.com</assignedTo>
            <assignedToType>User</assignedToType>
            <booleanFilter>(1 OR 3 OR 4) AND 2</booleanFilter>
            <criteriaItems>
                <field>Case.RecordTypeId</field>
                <operation>equals</operation>
                <value>Garrett-IAM-VehicleOwnerContactus</value>
            </criteriaItems>
            <criteriaItems>
                <field>Case.Country__c</field>
                <operation>equals</operation>
                <value>Australia,New Zealand</value>
            </criteriaItems>
            <criteriaItems>
                <field>Case.RecordTypeId</field>
                <operation>equals</operation>
                <value>Garrett-IAM-DistributorContactus</value>
            </criteriaItems>
            <criteriaItems>
                <field>Case.RecordTypeId</field>
                <operation>equals</operation>
                <value>Garrett-IAM-PerfoEnthusContactus</value>
            </criteriaItems>
            <template>IAM_Division_Email_Templates/HTT_IAM_Web2Case_Response_to_Owner</template>
        </ruleEntry>
        <ruleEntry>
            <assignedTo>sebastian.orias@garrettmotion.com</assignedTo>
            <assignedToType>User</assignedToType>
            <criteriaItems>
                <field>Case.RecordTypeId</field>
                <operation>equals</operation>
                <value>Garrett-IAM-DistributorContactus,Garrett-IAM-PerfoEnthusContactus,Garrett-IAM-VehicleOwnerContactus</value>
            </criteriaItems>
            <criteriaItems>
                <field>Case.Country__c</field>
                <operation>equals</operation>
                <value>Argentina,Bolivia,Chile,Colombia,Ecuador,Guyana,Paraguay,Peru,Suriname,Uruguay,Venezuela,French Guiana</value>
            </criteriaItems>
            <template>IAM_Division_Email_Templates/HTT_IAM_Web2Case_Response_to_Owner</template>
        </ruleEntry>
        <ruleEntry>
            <assignedTo>ashley.koh@garrettmotion.com</assignedTo>
            <assignedToType>User</assignedToType>
            <booleanFilter>1 AND (2 OR 3)</booleanFilter>
            <criteriaItems>
                <field>Case.RecordTypeId</field>
                <operation>equals</operation>
                <value>Garrett-IAM-DistributorContactus,Garrett-IAM-PerfoEnthusContactus,Garrett-IAM-VehicleOwnerContactus</value>
            </criteriaItems>
            <criteriaItems>
                <field>Case.Country__c</field>
                <operation>equals</operation>
                <value>Brunei,Burma,Cambodia,Japan,&quot;Korea, North&quot;,&quot;Korea, South&quot;,Laos</value>
            </criteriaItems>
            <criteriaItems>
                <field>Case.Country__c</field>
                <operation>equals</operation>
                <value>Singapore,Taiwan,Thailand,Vietnam</value>
            </criteriaItems>
            <template>IAM_Division_Email_Templates/HTT_IAM_Web2Case_Response_to_Owner</template>
        </ruleEntry>
        <ruleEntry>
            <assignedTo>bo.zhu@garrettmotion.com</assignedTo>
            <assignedToType>User</assignedToType>
            <criteriaItems>
                <field>Case.RecordTypeId</field>
                <operation>equals</operation>
                <value>Garrett-IAM-DistributorContactus,Garrett-IAM-PerfoEnthusContactus,Garrett-IAM-VehicleOwnerContactus</value>
            </criteriaItems>
            <criteriaItems>
                <field>Case.Country__c</field>
                <operation>equals</operation>
                <value>China,Mongolia,Hong Kong</value>
            </criteriaItems>
            <template>IAM_Division_Email_Templates/HTT_IAM_Web2Case_Response_to_Owner</template>
        </ruleEntry>
        <ruleEntry>
            <assignedTo>jason.rodrigues@garrettmotion.com</assignedTo>
            <assignedToType>User</assignedToType>
            <criteriaItems>
                <field>Case.RecordTypeId</field>
                <operation>equals</operation>
                <value>HTT Garrett</value>
            </criteriaItems>
            <criteriaItems>
                <field>Case.Country__c</field>
                <operation>equals</operation>
                <value>Bhutan,Nepal,Sri Lanka</value>
            </criteriaItems>
            <template>IAM_Division_Email_Templates/HTT_IAM_Web2Case_Response_to_Owner</template>
        </ruleEntry>
        <ruleEntry>
            <assignedTo>augustin.pitica@garrettmotion.com</assignedTo>
            <assignedToType>User</assignedToType>
            <booleanFilter>1 AND (2 OR 3 OR 4 OR 5 OR 6 OR 7)</booleanFilter>
            <criteriaItems>
                <field>Case.RecordTypeId</field>
                <operation>equals</operation>
                <value>HTT Garrett</value>
            </criteriaItems>
            <criteriaItems>
                <field>Case.Country__c</field>
                <operation>equals</operation>
                <value>Akrotiri,American Samoa,Andorra,Anguilla,Antarctica,Aruba,Ashmore and Cartier Islands,Barbados,Bassas da India,Bouvet Island</value>
            </criteriaItems>
            <criteriaItems>
                <field>Case.Country__c</field>
                <operation>equals</operation>
                <value>Christmas Island,Clipperton Island,Cocos (Keeling) Islands,Cook Islands,Coral Sea Islands,Dhekelia,Europa Island,Fiji,French Polynesia,French Southern and Antarctic Lands</value>
            </criteriaItems>
            <criteriaItems>
                <field>Case.Country__c</field>
                <operation>equals</operation>
                <value>Gaza Strip,Glorioso Islands,Greenland,Guam,Heard Island and McDonald Islands,Iceland,Jan Mayen,Jersey,Juan de Nova Island,Kiribati</value>
            </criteriaItems>
            <criteriaItems>
                <field>Case.Country__c</field>
                <operation>equals</operation>
                <value>Macau,Marshall Islands,Martinique,Mayotte,&quot;Micronesia, Federated States of&quot;,Monaco,Montserrat,Nauru,Navassa Island,Netherlands Antilles,New Caledonia,Niue,Norfolk Island,Northern Mariana Islands</value>
            </criteriaItems>
            <criteriaItems>
                <field>Case.Country__c</field>
                <operation>equals</operation>
                <value>Palau,Papua New Guinea,Paracel Islands,Pitcairn Islands,Reunion,Saint Helena,Saint Pierre and Miquelon,Samoa,San Marino,Solomon Islands,Spratly Islands,Svalbard</value>
            </criteriaItems>
            <criteriaItems>
                <field>Case.Country__c</field>
                <operation>equals</operation>
                <value>Tokelau,Tonga,Tromelin Island,Turks and Caicos Islands,Tuvalu,Vanuatu,Virgin Islands,Wake Island,Wallis and Futuna,Western Sahara</value>
            </criteriaItems>
            <template>IAM_Division_Email_Templates/HTT_IAM_Web2Case_Response_to_Owner</template>
        </ruleEntry>
        <ruleEntry>
            <assignedTo>juancarlos.camposramos@garrettmotion.com</assignedTo>
            <assignedToType>User</assignedToType>
            <booleanFilter>(1 OR 3 OR 4 OR 5) AND 2</booleanFilter>
            <criteriaItems>
                <field>Case.RecordTypeId</field>
                <operation>equals</operation>
                <value>HTT Garrett</value>
            </criteriaItems>
            <criteriaItems>
                <field>Case.Country__c</field>
                <operation>equals</operation>
                <value>Mexico,Puerto Rico</value>
            </criteriaItems>
            <criteriaItems>
                <field>Case.RecordTypeId</field>
                <operation>equals</operation>
                <value>Garrett-IAM-DistributorContactus</value>
            </criteriaItems>
            <criteriaItems>
                <field>Case.RecordTypeId</field>
                <operation>equals</operation>
                <value>Garrett-IAM-PerfoEnthusContactus</value>
            </criteriaItems>
            <criteriaItems>
                <field>Case.RecordTypeId</field>
                <operation>equals</operation>
                <value>Garrett-IAM-VehicleOwnerContactus</value>
            </criteriaItems>
            <template>IAM_Division_Email_Templates/HTT_IAM_Web2Case_Response_to_Owner</template>
        </ruleEntry>
        <ruleEntry>
            <assignedTo>peter.buehler@garrettmotion.com</assignedTo>
            <assignedToType>User</assignedToType>
            <booleanFilter>(1 OR 3 OR 4) AND 2</booleanFilter>
            <criteriaItems>
                <field>Case.RecordTypeId</field>
                <operation>equals</operation>
                <value>Garrett-IAM-DistributorContactus</value>
            </criteriaItems>
            <criteriaItems>
                <field>Case.Country__c</field>
                <operation>equals</operation>
                <value>Denmark,Finland,Norway,Sweden,Austria,Germany,Switzerland</value>
            </criteriaItems>
            <criteriaItems>
                <field>Case.RecordTypeId</field>
                <operation>equals</operation>
                <value>Garrett-IAM-PerfoEnthusContactus</value>
            </criteriaItems>
            <criteriaItems>
                <field>Case.RecordTypeId</field>
                <operation>equals</operation>
                <value>Garrett-IAM-VehicleOwnerContactus</value>
            </criteriaItems>
            <template>IAM_Division_Email_Templates/HTT_IAM_Web2Case_Response_to_Owner</template>
        </ruleEntry>
        <ruleEntry>
            <assignedTo>jason.rodrigues@garrettmotion.com</assignedTo>
            <assignedToType>User</assignedToType>
            <booleanFilter>(1 OR 3 OR 4) AND 2</booleanFilter>
            <criteriaItems>
                <field>Case.RecordTypeId</field>
                <operation>equals</operation>
                <value>Garrett-IAM-DistributorContactus</value>
            </criteriaItems>
            <criteriaItems>
                <field>Case.Country__c</field>
                <operation>equals</operation>
                <value>India,Bangladesh</value>
            </criteriaItems>
            <criteriaItems>
                <field>Case.RecordTypeId</field>
                <operation>equals</operation>
                <value>Garrett-IAM-PerfoEnthusContactus</value>
            </criteriaItems>
            <criteriaItems>
                <field>Case.RecordTypeId</field>
                <operation>equals</operation>
                <value>Garrett-IAM-VehicleOwnerContactus</value>
            </criteriaItems>
            <template>IAM_Division_Email_Templates/HTT_IAM_Web2Case_Response_to_Owner</template>
        </ruleEntry>
        <ruleEntry>
            <assignedTo>fernanda.silva@garrettmotion.com</assignedTo>
            <assignedToType>User</assignedToType>
            <booleanFilter>(1 OR 3 OR 4 OR 5) AND 2</booleanFilter>
            <criteriaItems>
                <field>Case.RecordTypeId</field>
                <operation>equals</operation>
                <value>HTT Garrett</value>
            </criteriaItems>
            <criteriaItems>
                <field>Case.Country__c</field>
                <operation>equals</operation>
                <value>Brazil</value>
            </criteriaItems>
            <criteriaItems>
                <field>Case.RecordTypeId</field>
                <operation>equals</operation>
                <value>Garrett-IAM-DistributorContactus</value>
            </criteriaItems>
            <criteriaItems>
                <field>Case.RecordTypeId</field>
                <operation>equals</operation>
                <value>Garrett-IAM-PerfoEnthusContactus</value>
            </criteriaItems>
            <criteriaItems>
                <field>Case.RecordTypeId</field>
                <operation>equals</operation>
                <value>Garrett-IAM-VehicleOwnerContactus</value>
            </criteriaItems>
            <template>IAM_Division_Email_Templates/HTT_IAM_Web2Case_Response_to_Owner</template>
        </ruleEntry>
        <ruleEntry>
            <assignedTo>TMaP_Issue_Tracking</assignedTo>
            <assignedToType>Queue</assignedToType>
            <criteriaItems>
                <field>Case.Origin</field>
                <operation>equals</operation>
                <value>Email</value>
            </criteriaItems>
            <criteriaItems>
                <field>Case.RecordTypeId</field>
                <operation>equals</operation>
                <value>TMaP Case System</value>
            </criteriaItems>
            <template>TMaP_Email_Templates_Cases/Initial_Notification_Email_to_TMaP_Support_Team_Modified</template>
        </ruleEntry>
        <ruleEntry>
            <assignedTo>kruttika.kulkarni@garrettmotion.com</assignedTo>
            <assignedToType>User</assignedToType>
            <booleanFilter>1 OR 2 OR 3</booleanFilter>
            <criteriaItems>
                <field>Case.RecordTypeId</field>
                <operation>equals</operation>
                <value>HTT OEM WEB to CASE</value>
            </criteriaItems>
            <criteriaItems>
                <field>Case.RecordTypeId</field>
                <operation>equals</operation>
                <value>Garrett-OEM-RepresentativeContactus</value>
            </criteriaItems>
            <criteriaItems>
                <field>Case.RecordTypeId</field>
                <operation>equals</operation>
                <value>Garrett-OEM-InvestorsContactus</value>
            </criteriaItems>
            <template>IAM_Division_Email_Templates/HTT_IAM_Web2Case_Response_to_Owner</template>
        </ruleEntry>
        <ruleEntry>
            <assignedTo>satyashekhar.giri@garrettmotion.com</assignedTo>
            <assignedToType>User</assignedToType>
            <criteriaItems>
                <field>Case.RecordTypeId</field>
                <operation>equals</operation>
                <value>TS Support Cases</value>
            </criteriaItems>
            <criteriaItems>
                <field>Case.Origin</field>
                <operation>equals</operation>
                <value>eOrder</value>
            </criteriaItems>
        </ruleEntry>
        <ruleEntry>
            <assignedTo>HTT_OEM_Sales_Admin_Cases</assignedTo>
            <assignedToType>Queue</assignedToType>
            <criteriaItems>
                <field>Case.RecordTypeId</field>
                <operation>equals</operation>
                <value>HTT OEM Sales Admin</value>
            </criteriaItems>
        </ruleEntry>
        <ruleEntry>
            <assignedTo>Honeywell_com_CEC_Case</assignedTo>
            <assignedToType>Queue</assignedToType>
            <criteriaItems>
                <field>Case.RecordTypeId</field>
                <operation>equals</operation>
                <value>Global C3 Case</value>
            </criteriaItems>
            <template>unfiled$public/C3_Case_Notification</template>
        </ruleEntry>
        <ruleEntry>
            <assignedTo>sergey.baginskiy@garrettmotion.com</assignedTo>
            <assignedToType>User</assignedToType>
            <booleanFilter>(1 OR 3 OR 4 OR 5)  AND 2</booleanFilter>
            <criteriaItems>
                <field>Case.RecordTypeId</field>
                <operation>equals</operation>
                <value>HTT Garrett</value>
            </criteriaItems>
            <criteriaItems>
                <field>Case.Country__c</field>
                <operation>equals</operation>
                <value>Belarus,Kazakhstan,Russia,Estonia,Ukraine,Georgia,Latvia,Lithuania</value>
            </criteriaItems>
            <criteriaItems>
                <field>Case.RecordTypeId</field>
                <operation>equals</operation>
                <value>Garrett-IAM-DistributorContactus</value>
            </criteriaItems>
            <criteriaItems>
                <field>Case.RecordTypeId</field>
                <operation>equals</operation>
                <value>Garrett-IAM-PerfoEnthusContactus</value>
            </criteriaItems>
            <criteriaItems>
                <field>Case.RecordTypeId</field>
                <operation>equals</operation>
                <value>Garrett-IAM-VehicleOwnerContactus</value>
            </criteriaItems>
            <template>IAM_Division_Email_Templates/HTT_IAM_Web2Case_Response_to_Owner</template>
        </ruleEntry>
        <ruleEntry>
            <assignedTo>rully.suwandi@garrettmotion.com</assignedTo>
            <assignedToType>User</assignedToType>
            <booleanFilter>1 AND 2</booleanFilter>
            <criteriaItems>
                <field>Case.RecordTypeId</field>
                <operation>equals</operation>
                <value>Garrett-IAM-DistributorContactus,Garrett-IAM-PerfoEnthusContactus,Garrett-IAM-VehicleOwnerContactus</value>
            </criteriaItems>
            <criteriaItems>
                <field>Case.Country__c</field>
                <operation>equals</operation>
                <value>Indonesia,Malaysia,Philippines</value>
            </criteriaItems>
            <template>IAM_Division_Email_Templates/HTT_IAM_Web2Case_Response_to_Owner</template>
        </ruleEntry>
        <ruleEntry>
            <assignedTo>cristian.tanase@garrettmotion.com</assignedTo>
            <assignedToType>User</assignedToType>
            <criteriaItems>
                <field>Case.RecordTypeId</field>
                <operation>equals</operation>
                <value>HTT Garrett</value>
            </criteriaItems>
            <criteriaItems>
                <field>Case.Country__c</field>
                <operation>equals</operation>
            </criteriaItems>
            <template>IAM_Division_Email_Templates/HTT_IAM_Web2Case_Response_to_Owner</template>
        </ruleEntry>
    </assignmentRule>
</AssignmentRules>
