<?xml version="1.0" encoding="UTF-8"?>
<AssignmentRules xmlns="http://soap.sforce.com/2006/04/metadata">
    <assignmentRule>
        <fullName>Lead assigment rules</fullName>
        <active>true</active>
        <ruleEntry>
            <assignedTo>nicolas.vilnet@garrettmotion.com</assignedTo>
            <assignedToType>User</assignedToType>
            <booleanFilter>1 AND ( 2 OR 3 )</booleanFilter>
            <criteriaItems>
                <field>Lead.RecordTypeId</field>
                <operation>equals</operation>
                <value>HTT IAM Lead</value>
            </criteriaItems>
            <criteriaItems>
                <field>Lead.mkto71_Inferred_Country__c</field>
                <operation>equals</operation>
                <value>Portugal,Spain,Ukraine,Lithuania,Latvia,Estonia,Belgium,Luxembourg,Netherlands,France,Russian Federation,Georgia,Monaco,Guadeloupe,Russian Federation</value>
            </criteriaItems>
            <criteriaItems>
                <field>Lead.mkto2__Inferred_Country__c</field>
                <operation>equals</operation>
                <value>Portugal,Spain,Ukraine,Lithuania,Latvia,Estonia,Belgium,Luxembourg,Netherlands,France,Russian Federation,Georgia,Monaco,Guadeloupe,Russian Federation</value>
            </criteriaItems>
            <template>IAM_Division_Email_Templates/HTT_IAM_Lead_to_Owner</template>
        </ruleEntry>
        <ruleEntry>
            <assignedTo>julien.legrix@garrettmotion.com</assignedTo>
            <assignedToType>User</assignedToType>
            <booleanFilter>1 AND (2 OR 3 OR 4 OR 5)</booleanFilter>
            <criteriaItems>
                <field>Lead.RecordTypeId</field>
                <operation>equals</operation>
                <value>HTT IAM Lead</value>
            </criteriaItems>
            <criteriaItems>
                <field>Lead.mkto71_Inferred_Country__c</field>
                <operation>equals</operation>
                <value>Turkey,Afghanistan,Bahrain,Iran,Iraq,Israel,Jordan,Kuwait,Kyrgyzstan,Lebanon,Oman,Pakistan,Qatar,Saudi Arabia,Syria,Tajikistan,Turkmenistan,United Arab Emirates,Uzbekistan,West Bank,Yemen,Algeria,Angola,Benin,Botswana,Burkina Faso,Burundi</value>
            </criteriaItems>
            <criteriaItems>
                <field>Lead.mkto71_Inferred_Country__c</field>
                <operation>equals</operation>
                <value>Cape Verde,Central African Republic,Chad,Comoros,Congo,Democratic Republic of the Congo,Republic of the Cote d&#39;Ivoire,Djibouti,Egypt,Equatorial Guinea,Eritrea,Ethiopia,Gabon,Gambia,Ghana,Guinea,Guinea-Bissau,Kenya</value>
            </criteriaItems>
            <criteriaItems>
                <field>Lead.mkto71_Inferred_Country__c</field>
                <operation>equals</operation>
                <value>Lesotho,Liberia,Libya,Madagascar,Malawi,Mali,Mauritania,Mauritius,Morocco,Mozambique,Namibia,Niger,Nigeria,Rwanda,Sao Tome and Principe,Senegal,Seychelles,Sierra Leone,Somalia,South Africa,Sudan,Swaziland,Tanzania,Togo,Tunisia</value>
            </criteriaItems>
            <criteriaItems>
                <field>Lead.mkto71_Inferred_Country__c</field>
                <operation>equals</operation>
                <value>Uganda,Zambia,Zimbabwe,Holy See (Vatican City),Italy,Kazakhstan,Maldives,Timor-Leste,Cyprus,Greece,Azerbaijan</value>
            </criteriaItems>
            <template>IAM_Division_Email_Templates/HTT_IAM_Lead_to_Owner</template>
        </ruleEntry>
        <ruleEntry>
            <assignedTo>john.wilson2@garrettmotion.com</assignedTo>
            <assignedToType>User</assignedToType>
            <booleanFilter>1 AND (2 OR 3)</booleanFilter>
            <criteriaItems>
                <field>Lead.RecordTypeId</field>
                <operation>equals</operation>
                <value>HTT IAM Lead</value>
            </criteriaItems>
            <criteriaItems>
                <field>Lead.mkto71_Inferred_Country__c</field>
                <operation>equals</operation>
                <value>Republic of Macedonia,Czech Republic,Poland,Hungary,Romania,Moldova,Croatia,Slovenia,Slovakia,Bulgaria,Serbia,Montenegro,Bosnia and Herzegovina,Albania,Macedonia,Bermuda,British Indian Ocean Territory,British Virgin Islands,Cayman Islands</value>
            </criteriaItems>
            <criteriaItems>
                <field>Lead.mkto71_Inferred_Country__c</field>
                <operation>equals</operation>
                <value>Republic of Macedonia,South Africa,United Kingdom,Ireland,Falkland Islands (Islas Malvinas),Faroe Islands,Gibraltar,Guernsey,Isle of Man,Liechtenstein,Malta,Armenia,Gaza Strip,Cameroon</value>
            </criteriaItems>
            <template>IAM_Division_Email_Templates/HTT_IAM_Lead_to_Owner</template>
        </ruleEntry>
        <ruleEntry>
            <assignedTo>terri.gillham@garrettmotion.com</assignedTo>
            <assignedToType>User</assignedToType>
            <booleanFilter>1 AND (2 OR 3 OR 4 OR 5)</booleanFilter>
            <criteriaItems>
                <field>Lead.RecordTypeId</field>
                <operation>equals</operation>
                <value>HTT IAM Lead</value>
            </criteriaItems>
            <criteriaItems>
                <field>Lead.mkto71_Inferred_Country__c</field>
                <operation>equals</operation>
                <value>Antigua and Barbuda,Bahamas,Belize,Canada,Costa Rica,Cuba,Dominica,Dominican Republic,El Salvador,Grenada,Guatemala,Haiti,Honduras,Jamaica</value>
            </criteriaItems>
            <criteriaItems>
                <field>Lead.mkto71_Inferred_Country__c</field>
                <operation>equals</operation>
                <value>Nicaragua,Panama,Saint Kitts and Nevis,Saint Lucia,Saint Vincent and the Grenadines,Trinidad and Tobago,United States</value>
            </criteriaItems>
            <criteriaItems>
                <field>Lead.mkto2__Inferred_Country__c</field>
                <operation>equals</operation>
                <value>Antigua and Barbuda,Bahamas,Belize,Canada,Costa Rica,Cuba,Dominica,Dominican Republic,El Salvador,Grenada,Guatemala,Haiti,Honduras,Jamaica</value>
            </criteriaItems>
            <criteriaItems>
                <field>Lead.mkto2__Inferred_Country__c</field>
                <operation>equals</operation>
                <value>Nicaragua,Panama,Saint Kitts and Nevis,Saint Lucia,Saint Vincent and the Grenadines,Trinidad and Tobago,United States</value>
            </criteriaItems>
            <template>IAM_Division_Email_Templates/HTT_IAM_Lead_to_Owner</template>
        </ruleEntry>
        <ruleEntry>
            <assignedTo>robert.stafford@garrettmotion.com</assignedTo>
            <assignedToType>User</assignedToType>
            <booleanFilter>1 AND ( 2 OR 3 )</booleanFilter>
            <criteriaItems>
                <field>Lead.RecordTypeId</field>
                <operation>equals</operation>
                <value>HTT IAM Lead</value>
            </criteriaItems>
            <criteriaItems>
                <field>Lead.mkto71_Inferred_Country__c</field>
                <operation>equals</operation>
                <value>Australia,New Zealand</value>
            </criteriaItems>
            <criteriaItems>
                <field>Lead.mkto2__Inferred_Country__c</field>
                <operation>equals</operation>
                <value>Australia,New Zealand</value>
            </criteriaItems>
            <template>IAM_Division_Email_Templates/HTT_IAM_Lead_to_Owner</template>
        </ruleEntry>
        <ruleEntry>
            <assignedTo>flavia.clemente@garrettmotion.com</assignedTo>
            <assignedToType>User</assignedToType>
            <criteriaItems>
                <field>Lead.RecordTypeId</field>
                <operation>equals</operation>
                <value>HTT IAM Lead</value>
            </criteriaItems>
            <criteriaItems>
                <field>Lead.mkto71_Inferred_Country__c</field>
                <operation>equals</operation>
                <value>Argentina,Bolivia,Chile,Colombia,Ecuador,Guyana,Paraguay,Peru,Suriname,Uruguay,Venezuela,French Guiana</value>
            </criteriaItems>
            <template>IAM_Division_Email_Templates/HTT_IAM_Lead_to_Owner</template>
        </ruleEntry>
        <ruleEntry>
            <assignedTo>ashley.koh@garrettmotion.com</assignedTo>
            <assignedToType>User</assignedToType>
            <booleanFilter>1 AND (2 OR 3 OR 4 OR 5)</booleanFilter>
            <criteriaItems>
                <field>Lead.RecordTypeId</field>
                <operation>equals</operation>
                <value>HTT IAM Lead</value>
            </criteriaItems>
            <criteriaItems>
                <field>Lead.mkto71_Inferred_Country__c</field>
                <operation>equals</operation>
                <value>Brunei,Burma,Cambodia,Japan,South Korea,North Korea,South Laos,Malaysia</value>
            </criteriaItems>
            <criteriaItems>
                <field>Lead.mkto71_Inferred_Country__c</field>
                <operation>equals</operation>
                <value>Singapore,Taiwan,Thailand,Vietnam</value>
            </criteriaItems>
            <criteriaItems>
                <field>Lead.mkto2__Inferred_Country__c</field>
                <operation>equals</operation>
                <value>Brunei,Burma,Cambodia,Japan,South Korea,North Korea,South Laos,Malaysia</value>
            </criteriaItems>
            <criteriaItems>
                <field>Lead.mkto2__Inferred_Country__c</field>
                <operation>equals</operation>
                <value>Singapore,Taiwan,Thailand,Vietnam</value>
            </criteriaItems>
            <template>IAM_Division_Email_Templates/HTT_IAM_Lead_to_Owner</template>
        </ruleEntry>
        <ruleEntry>
            <assignedTo>bo.zhu@garrettmotion.com</assignedTo>
            <assignedToType>User</assignedToType>
            <booleanFilter>1 AND ( 2 OR 3 )</booleanFilter>
            <criteriaItems>
                <field>Lead.RecordTypeId</field>
                <operation>equals</operation>
                <value>HTT IAM Lead</value>
            </criteriaItems>
            <criteriaItems>
                <field>Lead.mkto71_Inferred_Country__c</field>
                <operation>equals</operation>
                <value>China,Mongolia,Hong Kong</value>
            </criteriaItems>
            <criteriaItems>
                <field>Lead.mkto2__Inferred_Country__c</field>
                <operation>equals</operation>
                <value>China,Mongolia,Hong Kong</value>
            </criteriaItems>
            <template>IAM_Division_Email_Templates/HTT_IAM_Lead_to_Owner</template>
        </ruleEntry>
        <ruleEntry>
            <assignedTo>jason.rodrigues@garrettmotion.com</assignedTo>
            <assignedToType>User</assignedToType>
            <criteriaItems>
                <field>Lead.RecordTypeId</field>
                <operation>equals</operation>
                <value>HTT IAM Lead</value>
            </criteriaItems>
            <criteriaItems>
                <field>Lead.mkto2__Inferred_Country__c</field>
                <operation>equals</operation>
                <value>Bhutan,Nepal,Sri Lanka</value>
            </criteriaItems>
            <template>IAM_Division_Email_Templates/HTT_IAM_Lead_to_Owner</template>
        </ruleEntry>
        <ruleEntry>
            <assignedTo>cristina.lupu2@garrettmotion.com</assignedTo>
            <assignedToType>User</assignedToType>
            <booleanFilter>1 AND (2 OR 3 OR 4 OR 5 OR 6 OR 7)</booleanFilter>
            <criteriaItems>
                <field>Lead.RecordTypeId</field>
                <operation>equals</operation>
                <value>HTT IAM Lead</value>
            </criteriaItems>
            <criteriaItems>
                <field>Lead.mkto2__Inferred_Country__c</field>
                <operation>equals</operation>
                <value>Akrotiri,American,Samoa,Andorra,Anguilla,Antarctica,Aruba,Ashmore and Cartier Islands,Barbados,Bassas da India,Bouvet Island</value>
            </criteriaItems>
            <criteriaItems>
                <field>Lead.mkto2__Inferred_Country__c</field>
                <operation>equals</operation>
                <value>Christmas Island,Clipperton Island,Cocos (Keeling) Islands,Cook Islands,Coral Sea Islands,Dhekelia,Europa Island,Fiji,French Polynesia,French Southern and Antarctic Lands</value>
            </criteriaItems>
            <criteriaItems>
                <field>Lead.mkto2__Inferred_Country__c</field>
                <operation>equals</operation>
                <value>Glorioso Islands,Greenland,Guam,Heard Island and McDonald Islands,Iceland,Jan Mayen,Jersey,Juan de Nova Island,Kiribati</value>
            </criteriaItems>
            <criteriaItems>
                <field>Lead.mkto2__Inferred_Country__c</field>
                <operation>equals</operation>
                <value>Macau,Marshall Islands,Martinique,Mayotte,Micronesia,Montserrat,Nauru,Navassa Island,Netherlands,Antilles,New Caledonia,Niue,Norfolk Island,Northern Mariana Islands</value>
            </criteriaItems>
            <criteriaItems>
                <field>Lead.mkto2__Inferred_Country__c</field>
                <operation>equals</operation>
                <value>Palau,Papua New Guinea,Paracel Islands,Pitcairn Islands,Reunion,Saint Helena,Saint Pierre and Miquelon,Samoa,San Marino,Spratly Islands,Svalbard</value>
            </criteriaItems>
            <criteriaItems>
                <field>Lead.mkto2__Inferred_Country__c</field>
                <operation>equals</operation>
                <value>Tokelau,Tonga,Tromelin Island,Turks and Caicos Islands,Tuvalu,Vanuatu,Virgin Islands,Wake Island,Wallis and Futuna,Western Sahara</value>
            </criteriaItems>
            <template>IAM_Division_Email_Templates/HTT_IAM_Lead_to_Owner</template>
        </ruleEntry>
        <ruleEntry>
            <assignedTo>kari.bye@garrettmotion.com</assignedTo>
            <assignedToType>User</assignedToType>
            <criteriaItems>
                <field>Lead.RecordTypeId</field>
                <operation>equals</operation>
                <value>HTT IAM Lead</value>
            </criteriaItems>
            <criteriaItems>
                <field>Lead.mkto71_Inferred_Country__c</field>
                <operation>equals</operation>
                <value>Mexico,Puerto Rico</value>
            </criteriaItems>
            <template>IAM_Division_Email_Templates/HTT_IAM_Lead_to_Owner</template>
        </ruleEntry>
        <ruleEntry>
            <assignedTo>peter.buehler@garrettmotion.com</assignedTo>
            <assignedToType>User</assignedToType>
            <criteriaItems>
                <field>Lead.RecordTypeId</field>
                <operation>equals</operation>
                <value>HTT IAM Lead</value>
            </criteriaItems>
            <criteriaItems>
                <field>Lead.mkto71_Inferred_Country__c</field>
                <operation>equals</operation>
                <value>Denmark,Finland,Norway,Sweden,Austria,Germany,Switzerland,Åland Islands</value>
            </criteriaItems>
            <template>IAM_Division_Email_Templates/HTT_IAM_Lead_to_Owner</template>
        </ruleEntry>
        <ruleEntry>
            <assignedTo>jason.rodrigues@garrettmotion.com</assignedTo>
            <assignedToType>User</assignedToType>
            <booleanFilter>1 AND ( 2 OR 3 )</booleanFilter>
            <criteriaItems>
                <field>Lead.RecordTypeId</field>
                <operation>equals</operation>
                <value>HTT IAM Lead</value>
            </criteriaItems>
            <criteriaItems>
                <field>Lead.mkto71_Inferred_Country__c</field>
                <operation>equals</operation>
                <value>India,Bangladesh</value>
            </criteriaItems>
            <criteriaItems>
                <field>Lead.mkto2__Inferred_Country__c</field>
                <operation>equals</operation>
                <value>India,Bangladesh</value>
            </criteriaItems>
            <template>IAM_Division_Email_Templates/HTT_IAM_Lead_to_Owner</template>
        </ruleEntry>
        <ruleEntry>
            <assignedTo>fernanda.silva@garrettmotion.com</assignedTo>
            <assignedToType>User</assignedToType>
            <booleanFilter>1 AND (2 OR 3)</booleanFilter>
            <criteriaItems>
                <field>Lead.RecordTypeId</field>
                <operation>equals</operation>
                <value>HTT IAM Lead</value>
            </criteriaItems>
            <criteriaItems>
                <field>Lead.mkto71_Inferred_Country__c</field>
                <operation>equals</operation>
                <value>Brazil</value>
            </criteriaItems>
            <criteriaItems>
                <field>Lead.mkto2__Inferred_Country__c</field>
                <operation>equals</operation>
                <value>Brazil</value>
            </criteriaItems>
            <template>IAM_Division_Email_Templates/HTT_IAM_Lead_to_Owner</template>
        </ruleEntry>
        <ruleEntry>
            <assignedTo>rully.suwandi@garrettmotion.com</assignedTo>
            <assignedToType>User</assignedToType>
            <booleanFilter>1 AND ( 2 OR 3 )</booleanFilter>
            <criteriaItems>
                <field>Lead.RecordTypeId</field>
                <operation>equals</operation>
                <value>HTT IAM Lead</value>
            </criteriaItems>
            <criteriaItems>
                <field>Lead.mkto71_Inferred_Country__c</field>
                <operation>equals</operation>
                <value>Indonesia,Philippines</value>
            </criteriaItems>
            <criteriaItems>
                <field>Lead.mkto2__Inferred_Country__c</field>
                <operation>equals</operation>
                <value>Indonesia,Philippines</value>
            </criteriaItems>
            <template>IAM_Division_Email_Templates/HTT_IAM_Lead_to_Owner</template>
        </ruleEntry>
        <ruleEntry>
            <assignedTo>Honeywell_com_CEC_Lead</assignedTo>
            <assignedToType>Queue</assignedToType>
            <criteriaItems>
                <field>Lead.RecordTypeId</field>
                <operation>equals</operation>
                <value>Global C3 Lead</value>
            </criteriaItems>
            <template>unfiled$public/C3_Lead_Notification</template>
        </ruleEntry>
        <ruleEntry>
            <assignedTo>sergey.baginskiy@garrettmotion.com</assignedTo>
            <assignedToType>User</assignedToType>
            <booleanFilter>1 AND ( 2 OR 3 )</booleanFilter>
            <criteriaItems>
                <field>Lead.RecordTypeId</field>
                <operation>equals</operation>
                <value>HTT IAM Lead</value>
            </criteriaItems>
            <criteriaItems>
                <field>Lead.mkto2__Inferred_Country__c</field>
                <operation>equals</operation>
                <value>Belarus,Kazakhstan,Russia</value>
            </criteriaItems>
            <criteriaItems>
                <field>Lead.mkto71_Inferred_Country__c</field>
                <operation>equals</operation>
                <value>Belarus,Kazakhstan,Russia</value>
            </criteriaItems>
            <template>IAM_Division_Email_Templates/HTT_IAM_Lead_to_Owner</template>
        </ruleEntry>
        <ruleEntry>
            <assignedTo>kruttika.kulkarni@garrettmotion.com</assignedTo>
            <assignedToType>User</assignedToType>
            <criteriaItems>
                <field>Lead.RecordTypeId</field>
                <operation>equals</operation>
                <value>HTT OE Lead</value>
            </criteriaItems>
            <template>IAM_Division_Email_Templates/HTT_IAM_Lead_to_Owner</template>
        </ruleEntry>
        <ruleEntry>
            <assignedTo>lorenzo.perrozzi@garrettmotion.com</assignedTo>
            <assignedToType>User</assignedToType>
            <formula>Region_lead__r.Name = &#39;North America&#39;  &amp;&amp;  CONTAINS(RecordType.Name, &#39;CoVS&#39;)</formula>
            <template>HAS_Templates_for_Automatic_Notification/HAS_Lead_to_owner</template>
        </ruleEntry>
        <ruleEntry>
            <assignedTo>lorenzo.perrozzi@garrettmotion.com</assignedTo>
            <assignedToType>User</assignedToType>
            <formula>Region_lead__r.Name = &#39;Europe&#39;  &amp;&amp;  CONTAINS(RecordType.Name, &#39;CoVS&#39;)</formula>
            <template>HAS_Templates_for_Automatic_Notification/HAS_Lead_to_owner</template>
        </ruleEntry>
        <ruleEntry>
            <assignedTo>jun.wu@garrettmotion.com</assignedTo>
            <assignedToType>User</assignedToType>
            <formula>Region_lead__r.Name = &#39;China&#39;  &amp;&amp;  CONTAINS(RecordType.Name, &#39;CoVS&#39;)</formula>
            <template>HAS_Templates_for_Automatic_Notification/HAS_Lead_to_owner</template>
        </ruleEntry>
        <ruleEntry>
            <assignedTo>shaline.manral@garrettmotion.com</assignedTo>
            <assignedToType>User</assignedToType>
            <formula>Region_lead__r.Name = &#39;India&#39;  &amp;&amp;  CONTAINS(RecordType.Name, &#39;CoVS&#39;)</formula>
            <template>HAS_Templates_for_Automatic_Notification/HAS_Lead_to_owner</template>
        </ruleEntry>
        <ruleEntry>
            <assignedTo>ryan.kim@garrettmotion.com</assignedTo>
            <assignedToType>User</assignedToType>
            <formula>Region_lead__r.Name = &#39;Korea&#39;  &amp;&amp;  CONTAINS(RecordType.Name, &#39;CoVS&#39;)</formula>
            <template>HAS_Templates_for_Automatic_Notification/HAS_Lead_to_owner</template>
        </ruleEntry>
        <ruleEntry>
            <assignedTo>alexandru.vasc@garrettmotion.com</assignedTo>
            <assignedToType>User</assignedToType>
            <formula>Region_lead__r.Name = &#39;Japan&#39;  &amp;&amp;  CONTAINS(RecordType.Name, &#39;CoVS&#39;)</formula>
            <template>HAS_Templates_for_Automatic_Notification/HAS_Lead_to_owner</template>
        </ruleEntry>
    </assignmentRule>
</AssignmentRules>
