<?xml version="1.0" encoding="UTF-8"?>
<ApprovalProcess xmlns="http://soap.sforce.com/2006/04/metadata">
    <active>true</active>
    <allowRecall>false</allowRecall>
    <allowedSubmitters>
        <submitter>GlobalRole</submitter>
        <type>roleSubordinates</type>
    </allowedSubmitters>
    <approvalPageFields>
        <field>Name</field>
        <field>Owner</field>
        <field>ExpectedReactivationDate__c</field>
        <field>DeactivationEffortsKeepPartnerOnsite__c</field>
        <field>CurrentSKUsOnsite__c</field>
        <field>DeactivateReasonCodes__c</field>
        <field>DeactivationSalesLast30Days__c</field>
        <field>LastDatePartnerContact__c</field>
        <field>DeactivationReasons__c</field>
        <field>DeactivationBuyerNotified__c</field>
    </approvalPageFields>
    <approvalStep>
        <allowDelegate>false</allowDelegate>
        <assignedApprover>
            <approver>
                <name>avanostrand@overstock.com</name>
                <type>user</type>
            </approver>
            <approver>
                <name>awright@overstock.com</name>
                <type>user</type>
            </approver>
            <approver>
                <name>bthursby@overstock.com</name>
                <type>user</type>
            </approver>
            <approver>
                <name>cevans@overstock.com</name>
                <type>user</type>
            </approver>
            <approver>
                <name>chadmortensen@overstock.com</name>
                <type>user</type>
            </approver>
            <approver>
                <name>csmart@overstock.com</name>
                <type>user</type>
            </approver>
            <approver>
                <name>emily.vaughn@overstock.com</name>
                <type>user</type>
            </approver>
            <approver>
                <name>lrees@overstock.com</name>
                <type>user</type>
            </approver>
            <approver>
                <name>sharlissa.holbrook@overstock.com</name>
                <type>user</type>
            </approver>
            <approver>
                <name>spowers@overstock.com</name>
                <type>user</type>
            </approver>
            <approver>
                <name>trwilliams@overstock.com</name>
                <type>user</type>
            </approver>
            <whenMultipleApprovers>FirstResponse</whenMultipleApprovers>
        </assignedApprover>
        <description>Request for approval to continue with partner deactivation</description>
        <label>Deactivation Request</label>
        <name>Deactivation_Request</name>
    </approvalStep>
    <emailTemplate>unfiled$public/DeactivationApproval</emailTemplate>
    <enableMobileDeviceAccess>true</enableMobileDeviceAccess>
    <entryCriteria>
        <criteriaItems>
            <field>Account.AccountStatus__c</field>
            <operation>equals</operation>
            <value>Deactivation</value>
        </criteriaItems>
    </entryCriteria>
    <finalApprovalActions>
        <action>
            <name>SubStatus_In_Process</name>
            <type>FieldUpdate</type>
        </action>
        <action>
            <name>X3PB_OFF</name>
            <type>FieldUpdate</type>
        </action>
    </finalApprovalActions>
    <finalApprovalRecordLock>false</finalApprovalRecordLock>
    <finalRejectionActions>
        <action>
            <name>Status_Active</name>
            <type>FieldUpdate</type>
        </action>
        <action>
            <name>SubStatus_Active</name>
            <type>FieldUpdate</type>
        </action>
    </finalRejectionActions>
    <finalRejectionRecordLock>false</finalRejectionRecordLock>
    <initialSubmissionActions>
        <action>
            <name>SubStatus_Requested</name>
            <type>FieldUpdate</type>
        </action>
    </initialSubmissionActions>
    <label>Deactivation Approval</label>
    <recordEditability>AdminOnly</recordEditability>
    <showApprovalHistory>true</showApprovalHistory>
</ApprovalProcess>
