<?xml version="1.0" encoding="UTF-8"?>
<ApprovalProcess xmlns="http://soap.sforce.com/2006/04/metadata">
    <active>false</active>
    <allowRecall>true</allowRecall>
    <allowedSubmitters>
        <type>creator</type>
    </allowedSubmitters>
    <approvalPageFields>
        <field>Title</field>
        <field>UrlName</field>
        <field>ApprovalType__c</field>
        <field>IsVisibleInApp</field>
        <field>IsVisibleInPkb</field>
        <field>IsVisibleInCsp</field>
        <field>Summary</field>
        <field>Answer__c</field>
    </approvalPageFields>
    <approvalStep>
        <allowDelegate>false</allowDelegate>
        <approvalActions>
            <action>
                <name>Ready_to_Publish2</name>
                <type>FieldUpdate</type>
            </action>
        </approvalActions>
        <assignedApprover>
            <approver>
                <name>sarah.lindolevao@overstock.com</name>
                <type>user</type>
            </approver>
            <whenMultipleApprovers>FirstResponse</whenMultipleApprovers>
        </assignedApprover>
        <label>Approval 1 Review</label>
        <name>Approval_1_Review</name>
    </approvalStep>
    <approvalStep>
        <allowDelegate>true</allowDelegate>
        <approvalActions>
            <action>
                <name>Status_Public</name>
                <type>FieldUpdate</type>
            </action>
        </approvalActions>
        <assignedApprover>
            <approver>
                <name>dbrunson@overstock.com</name>
                <type>user</type>
            </approver>
            <approver>
                <name>omacias@overstock.com</name>
                <type>user</type>
            </approver>
            <approver>
                <name>sarah.lindolevao@overstock.com</name>
                <type>user</type>
            </approver>
            <whenMultipleApprovers>FirstResponse</whenMultipleApprovers>
        </assignedApprover>
        <label>Approve &amp; Publish</label>
        <name>Approve_Publish</name>
        <rejectBehavior>
            <type>RejectRequest</type>
        </rejectBehavior>
    </approvalStep>
    <enableMobileDeviceAccess>false</enableMobileDeviceAccess>
    <entryCriteria>
        <criteriaItems>
            <field>Knowledge__kav.ApprovalType__c</field>
            <operation>equals</operation>
            <value>Internal_CS,External_CS</value>
        </criteriaItems>
    </entryCriteria>
    <finalApprovalActions>
        <action>
            <name>New_Version_Publish</name>
            <type>KnowledgePublish</type>
        </action>
    </finalApprovalActions>
    <finalApprovalRecordLock>false</finalApprovalRecordLock>
    <finalRejectionActions>
        <action>
            <name>Rejected_draft</name>
            <type>FieldUpdate</type>
        </action>
    </finalRejectionActions>
    <finalRejectionRecordLock>false</finalRejectionRecordLock>
    <initialSubmissionActions>
        <action>
            <name>ApprovalPending</name>
            <type>FieldUpdate</type>
        </action>
    </initialSubmissionActions>
    <label>Publishing Approval-CS</label>
    <recallActions>
        <action>
            <name>Recall_draft</name>
            <type>FieldUpdate</type>
        </action>
    </recallActions>
    <recordEditability>AdminOrCurrentApprover</recordEditability>
    <showApprovalHistory>true</showApprovalHistory>
</ApprovalProcess>
