<?xml version="1.0" encoding="UTF-8"?>
<CustomApplication xmlns="http://soap.sforce.com/2006/04/metadata">
    <defaultLandingTab>standard-Case</defaultLandingTab>
    <description>For Admin only</description>
    <isNavAutoTempTabsDisabled>false</isNavAutoTempTabsDisabled>
    <isNavPersonalizationDisabled>false</isNavPersonalizationDisabled>
    <label>Administration</label>
    <tabs>standard-Case</tabs>
    <tabs>standard-Contact</tabs>
    <tabs>standard-Account</tabs>
    <tabs>standard-Opportunity</tabs>
    <tabs>standard-report</tabs>
    <tabs>standard-Lead</tabs>
    <tabs>LSW__c</tabs>
    <tabs>new_eWarranty</tabs>
    <tabs>IAM_Quick_Launcher</tabs>
    <tabs>OEM_Quick_Launcher</tabs>
    <tabs>NPS</tabs>
    <tabs>Sales_Competency</tabs>
    <tabs>ePricing_Quick_Launcher</tabs>
    <tabs>NPS_Goals__c</tabs>
</CustomApplication>
