<?xml version="1.0" encoding="UTF-8"?>
<CustomApplication xmlns="http://soap.sforce.com/2006/04/metadata">
    <defaultLandingTab>Visit_Report__c</defaultLandingTab>
    <description>App for Government officials</description>
    <formFactors>Large</formFactors>
    <isNavAutoTempTabsDisabled>false</isNavAutoTempTabsDisabled>
    <isNavPersonalizationDisabled>false</isNavPersonalizationDisabled>
    <label>Ambassador Visit</label>
    <tabs>Visit_Report__c</tabs>
    <tabs>standard-Contact</tabs>
    <tabs>standard-report</tabs>
    <tabs>Plant__c</tabs>
    <tabs>ToolingBaseChecklists__c</tabs>
    <tabs>Sales_Competency</tabs>
    <tabs>Development_Resource__c</tabs>
    <tabs>Sales_Competency_Rating__c</tabs>
    <tabs>NPS_Goals__c</tabs>
</CustomApplication>
