<?xml version="1.0" encoding="UTF-8"?>
<CustomApplication xmlns="http://soap.sforce.com/2006/04/metadata">
    <defaultLandingTab>Connected_Vehicles</defaultLandingTab>
    <description>CoVS Application</description>
    <formFactors>Large</formFactors>
    <isNavAutoTempTabsDisabled>false</isNavAutoTempTabsDisabled>
    <isNavPersonalizationDisabled>false</isNavPersonalizationDisabled>
    <label>CoVS App</label>
    <tabs>standard-Account</tabs>
    <tabs>standard-Contact</tabs>
    <tabs>standard-Lead</tabs>
    <tabs>standard-Opportunity</tabs>
    <tabs>Award__c</tabs>
    <tabs>standard-Case</tabs>
    <tabs>standard-Console</tabs>
    <tabs>standard-report</tabs>
    <tabs>Plant__c</tabs>
    <tabs>ToolingBaseChecklists__c</tabs>
    <tabs>Connected_Vehicles</tabs>
    <tabs>CoVS_Product_License__c</tabs>
    <tabs>Sales_Competency</tabs>
    <tabs>Development_Resource__c</tabs>
    <tabs>Sales_Competency_Rating__c</tabs>
    <tabs>NPS_Goals__c</tabs>
</CustomApplication>
