<?xml version="1.0" encoding="UTF-8"?>
<CustomApplication xmlns="http://soap.sforce.com/2006/04/metadata">
    <defaultLandingTab>ePricing_Quick_Launcher</defaultLandingTab>
    <formFactors>Large</formFactors>
    <isNavAutoTempTabsDisabled>false</isNavAutoTempTabsDisabled>
    <isNavPersonalizationDisabled>false</isNavPersonalizationDisabled>
    <label>ePricing</label>
    <tabs>ePricing_Quick_Launcher</tabs>
    <tabs>standard-Opportunity</tabs>
    <tabs>HTT_OEM_Price_Variant__c</tabs>
    <tabs>HTT_OEM_Price_Material__c</tabs>
    <tabs>Should_Be_Price</tabs>
    <tabs>Price_Change_Request__c</tabs>
    <tabs>standard-report</tabs>
    <tabs>OEM_Sales_Plan_VolSplit_Ext_Data__c</tabs>
    <tabs>NPS_Goals__c</tabs>
</CustomApplication>
