<?xml version="1.0" encoding="UTF-8"?>
<CustomApplication xmlns="http://soap.sforce.com/2006/04/metadata">
    <defaultLandingTab>landing_T5</defaultLandingTab>
    <formFactors>Large</formFactors>
    <isNavAutoTempTabsDisabled>false</isNavAutoTempTabsDisabled>
    <isNavPersonalizationDisabled>false</isNavPersonalizationDisabled>
    <label>Global HTT</label>
    <logo>test_folder/HTT_HoneywellLogo.png</logo>
    <tabs>standard-Chatter</tabs>
    <tabs>standard-File</tabs>
    <tabs>standard-Account</tabs>
    <tabs>standard-Contact</tabs>
    <tabs>standard-Opportunity</tabs>
    <tabs>Region_AOP__c</tabs>
    <tabs>standard-report</tabs>
    <tabs>HOS_GOLD</tabs>
    <tabs>landing_T5</tabs>
    <tabs>LSW__c</tabs>
    <tabs>NPS</tabs>
    <tabs>Sales_Competency</tabs>
    <tabs>Development_Resource__c</tabs>
    <tabs>Sales_Competency_Rating__c</tabs>
    <tabs>Plant__c</tabs>
    <tabs>ToolingBaseChecklists__c</tabs>
    <tabs>Action__c</tabs>
    <tabs>NPS__c</tabs>
    <tabs>NPS_Objective__c</tabs>
    <tabs>NPS_Goals__c</tabs>
</CustomApplication>
