<?xml version="1.0" encoding="UTF-8"?>
<CustomApplication xmlns="http://soap.sforce.com/2006/04/metadata">
    <defaultLandingTab>standard-home</defaultLandingTab>
    <formFactors>Large</formFactors>
    <isNavAutoTempTabsDisabled>false</isNavAutoTempTabsDisabled>
    <isNavPersonalizationDisabled>false</isNavPersonalizationDisabled>
    <label>HTT Garrett Claim Request Dealer</label>
    <logo>Communities_Shared_Document_Folder/GarrettLogo.png</logo>
    <tabs>NewAssessment</tabs>
    <tabs>MyClaimRequest</tabs>
    <tabs>Plant__c</tabs>
    <tabs>ToolingBaseChecklists__c</tabs>
    <tabs>Sales_Competency</tabs>
    <tabs>Development_Resource__c</tabs>
    <tabs>Sales_Competency_Rating__c</tabs>
    <tabs>NPS_Goals__c</tabs>
</CustomApplication>
