<?xml version="1.0" encoding="UTF-8"?>
<CustomApplication xmlns="http://soap.sforce.com/2006/04/metadata">
    <defaultLandingTab>IAM_Quick_Launcher</defaultLandingTab>
    <description>App for AfterMarket users</description>
    <formFactors>Large</formFactors>
    <isNavAutoTempTabsDisabled>false</isNavAutoTempTabsDisabled>
    <isNavPersonalizationDisabled>false</isNavPersonalizationDisabled>
    <label>IAM</label>
    <logo>test_folder/HTT_HoneywellLogo.png</logo>
    <tabs>standard-Chatter</tabs>
    <tabs>standard-Account</tabs>
    <tabs>standard-Contact</tabs>
    <tabs>standard-Lead</tabs>
    <tabs>HOS_GOLD</tabs>
    <tabs>Needle_Movers</tabs>
    <tabs>HOS_TAM</tabs>
    <tabs>Visit_Report__c</tabs>
    <tabs>standard-report</tabs>
    <tabs>MOS_Task__c</tabs>
    <tabs>IAM_Quick_Launcher</tabs>
    <tabs>LSW__c</tabs>
    <tabs>ToolingBaseChecklists__c</tabs>
    <tabs>E_Logistics_Claims</tabs>
    <tabs>Sales_Competency</tabs>
    <tabs>Development_Resource__c</tabs>
    <tabs>Sales_Competency_Rating__c</tabs>
    <tabs>NPS_Goals__c</tabs>
</CustomApplication>
