<?xml version="1.0" encoding="UTF-8"?>
<CustomApplication xmlns="http://soap.sforce.com/2006/04/metadata">
    <defaultLandingTab>MA_Application__c</defaultLandingTab>
    <isNavAutoTempTabsDisabled>false</isNavAutoTempTabsDisabled>
    <isNavPersonalizationDisabled>false</isNavPersonalizationDisabled>
    <label>M&amp;A Application</label>
    <logo>test_folder/Garrett_logo.png</logo>
    <tabs>standard-report</tabs>
    <tabs>standard-Dashboard</tabs>
    <tabs>MA_Application__c</tabs>
    <tabs>PSR__c</tabs>
    <tabs>NPS_Goals__c</tabs>
</CustomApplication>
