<?xml version="1.0" encoding="UTF-8"?>
<CustomApplication xmlns="http://soap.sforce.com/2006/04/metadata">
    <defaultLandingTab>OEM_Quick_Launcher</defaultLandingTab>
    <formFactors>Large</formFactors>
    <isNavAutoTempTabsDisabled>false</isNavAutoTempTabsDisabled>
    <isNavPersonalizationDisabled>false</isNavPersonalizationDisabled>
    <label>OEM/ OES Channel</label>
    <logo>test_folder/HTT_HoneywellLogo.png</logo>
    <tabs>standard-Account</tabs>
    <tabs>standard-Contact</tabs>
    <tabs>OEM_Quick_Launcher</tabs>
    <tabs>standard-Opportunity</tabs>
    <tabs>Customer_Funding_Opportunity__c</tabs>
    <tabs>Business_Wins_Reports</tabs>
    <tabs>standard-report</tabs>
    <tabs>standard-Dashboard</tabs>
    <tabs>HTT_OE_Events_Contact__c</tabs>
    <tabs>ePricing_Quick_Launcher</tabs>
    <tabs>NPS</tabs>
    <tabs>Sales_Competency_Rating__c</tabs>
    <tabs>Sales_Competency</tabs>
    <tabs>standard-Workspace</tabs>
    <tabs>APP_Cost_Estimator</tabs>
    <tabs>Tooling_Database</tabs>
    <tabs>Customer_Checklist__c</tabs>
    <tabs>ToolingBaseChecklists__c</tabs>
    <tabs>Development_Resource__c</tabs>
    <tabs>NPS_Goals__c</tabs>
</CustomApplication>
