<?xml version="1.0" encoding="UTF-8"?>
<CustomApplication xmlns="http://soap.sforce.com/2006/04/metadata">
    <defaultLandingTab>standard-home</defaultLandingTab>
    <description>Sales Competency Application for SCM &amp; SLCM</description>
    <isNavAutoTempTabsDisabled>false</isNavAutoTempTabsDisabled>
    <isNavPersonalizationDisabled>false</isNavPersonalizationDisabled>
    <label>Sales Competency Application</label>
    <tabs>Sales_Competency</tabs>
    <tabs>NPS_Goals__c</tabs>
</CustomApplication>
