<?xml version="1.0" encoding="UTF-8"?>
<CustomApplication xmlns="http://soap.sforce.com/2006/04/metadata">
    <defaultLandingTab>standard-home</defaultLandingTab>
    <isNavAutoTempTabsDisabled>false</isNavAutoTempTabsDisabled>
    <isNavPersonalizationDisabled>false</isNavPersonalizationDisabled>
    <tabs>standard-Chatter</tabs>
    <tabs>standard-File</tabs>
    <tabs>standard-Lead</tabs>
    <tabs>standard-Account</tabs>
    <tabs>standard-Contact</tabs>
    <tabs>standard-Opportunity</tabs>
    <tabs>standard-report</tabs>
    <tabs>standard-Dashboard</tabs>
    <tabs>standard-Product2</tabs>
    <tabs>standard-AdvForecast</tabs>
    <tabs>Customer_Sites__c</tabs>
    <tabs>Region_AOP__c</tabs>
    <tabs>landing_T5</tabs>
    <tabs>G_H_Request</tabs>
    <tabs>Plant__c</tabs>
    <tabs>CreditCollTransactionalData__c</tabs>
    <tabs>APP_Cost_Estimator</tabs>
    <tabs>Customer_Funding_Opportunity__c</tabs>
    <tabs>NPS</tabs>
    <tabs>ToolingBaseChecklists__c</tabs>
    <tabs>Sales_Competency</tabs>
    <tabs>Development_Resource__c</tabs>
    <tabs>Sales_Competency_Rating__c</tabs>
    <tabs>NPS_Goals__c</tabs>
</CustomApplication>
