<?xml version="1.0" encoding="UTF-8"?>
<CustomApplication xmlns="http://soap.sforce.com/2006/04/metadata">
    <defaultLandingTab>standard-home</defaultLandingTab>
    <formFactors>Large</formFactors>
    <isNavAutoTempTabsDisabled>false</isNavAutoTempTabsDisabled>
    <isNavPersonalizationDisabled>false</isNavPersonalizationDisabled>
    <tabs>standard-Account</tabs>
    <tabs>standard-Opportunity</tabs>
    <tabs>standard-Case</tabs>
    <tabs>Plant__c</tabs>
    <tabs>NPS_Goals__c</tabs>
</CustomApplication>
