<?xml version="1.0" encoding="UTF-8"?>
<CustomApplication xmlns="http://soap.sforce.com/2006/04/metadata">
    <defaultLandingTab>standard-home</defaultLandingTab>
    <formFactors>Large</formFactors>
    <isNavAutoTempTabsDisabled>false</isNavAutoTempTabsDisabled>
    <isNavPersonalizationDisabled>false</isNavPersonalizationDisabled>
    <tabs>standard-Chatter</tabs>
    <tabs>standard-File</tabs>
    <tabs>standard-Contact</tabs>
    <tabs>standard-Account</tabs>
    <tabs>standard-Idea</tabs>
    <tabs>standard-report</tabs>
    <tabs>standard-Dashboard</tabs>
    <tabs>Customer_Sites__c</tabs>
    <tabs>Region_AOP__c</tabs>
    <tabs>standard-Questions</tabs>
    <tabs>Plant__c</tabs>
    <tabs>Customer_Funding_Opportunity__c</tabs>
    <tabs>ToolingBaseChecklists__c</tabs>
    <tabs>Sales_Competency</tabs>
    <tabs>Development_Resource__c</tabs>
    <tabs>Sales_Competency_Rating__c</tabs>
    <tabs>NPS_Goals__c</tabs>
</CustomApplication>
