<?xml version="1.0" encoding="UTF-8"?>
<CustomApplication xmlns="http://soap.sforce.com/2006/04/metadata">
    <formFactors>Small</formFactors>
    <formFactors>Medium</formFactors>
    <formFactors>Large</formFactors>
    <isNavAutoTempTabsDisabled>false</isNavAutoTempTabsDisabled>
    <isNavPersonalizationDisabled>false</isNavPersonalizationDisabled>
    <label>Sales</label>
    <navType>Standard</navType>
    <tabs>standard-home</tabs>
    <tabs>standard-Opportunity</tabs>
    <tabs>standard-Lead</tabs>
    <tabs>standard-Task</tabs>
    <tabs>standard-File</tabs>
    <tabs>standard-Account</tabs>
    <tabs>standard-Contact</tabs>
    <tabs>standard-Campaign</tabs>
    <tabs>standard-Dashboard</tabs>
    <tabs>standard-report</tabs>
    <tabs>standard-Feed</tabs>
    <tabs>standard-CollaborationGroup</tabs>
    <tabs>standard-Event</tabs>
    <tabs>standard-OtherUserProfile</tabs>
    <tabs>standard-Case</tabs>
    <tabs>Customer_Funding_Opportunity__c</tabs>
    <tabs>ToolingBaseChecklists__c</tabs>
    <tabs>Sales_Competency</tabs>
    <tabs>Development_Resource__c</tabs>
    <tabs>Sales_Competency_Rating__c</tabs>
    <tabs>NPS</tabs>
    <tabs>NPS_Goals__c</tabs>
    <uiType>Lightning</uiType>
</CustomApplication>
