<?xml version="1.0" encoding="UTF-8"?>
<CustomApplication xmlns="http://soap.sforce.com/2006/04/metadata">
    <formFactors>Large</formFactors>
    <isNavAutoTempTabsDisabled>false</isNavAutoTempTabsDisabled>
    <isNavPersonalizationDisabled>false</isNavPersonalizationDisabled>
    <label>Service Console</label>
    <navType>Console</navType>
    <setupExperience>service</setupExperience>
    <tabs>standard-Case</tabs>
    <tabs>standard-Contact</tabs>
    <tabs>standard-Account</tabs>
    <tabs>standard-report</tabs>
    <tabs>standard-Dashboard</tabs>
    <tabs>standard-home</tabs>
    <tabs>Sales_Competency</tabs>
    <tabs>Development_Resource__c</tabs>
    <tabs>Sales_Competency_Rating__c</tabs>
    <tabs>NPS</tabs>
    <tabs>NPS_Goals__c</tabs>
    <uiType>Lightning</uiType>
    <utilityBar>LightningService_UtilityBar</utilityBar>
    <workspaceConfig>
        <mappings>
            <tab>Development_Resource__c</tab>
        </mappings>
        <mappings>
            <tab>NPS</tab>
        </mappings>
        <mappings>
            <tab>NPS_Goals__c</tab>
        </mappings>
        <mappings>
            <tab>Sales_Competency</tab>
        </mappings>
        <mappings>
            <tab>Sales_Competency_Rating__c</tab>
        </mappings>
        <mappings>
            <tab>standard-Account</tab>
        </mappings>
        <mappings>
            <tab>standard-Case</tab>
        </mappings>
        <mappings>
            <tab>standard-Contact</tab>
        </mappings>
        <mappings>
            <tab>standard-Dashboard</tab>
        </mappings>
        <mappings>
            <tab>standard-home</tab>
        </mappings>
        <mappings>
            <tab>standard-report</tab>
        </mappings>
    </workspaceConfig>
</CustomApplication>
