<?xml version="1.0" encoding="UTF-8"?>
<CustomApplication xmlns="http://soap.sforce.com/2006/04/metadata">
    <defaultLandingTab>Event_VOC</defaultLandingTab>
    <description>HTT OE VOC for anonymous submission</description>
    <formFactors>Large</formFactors>
    <isNavAutoTempTabsDisabled>false</isNavAutoTempTabsDisabled>
    <isNavPersonalizationDisabled>false</isNavPersonalizationDisabled>
    <label>VOC</label>
    <logo>SharedDocuments/HTT_Logo.png</logo>
    <tabs>Event_VOC</tabs>
    <tabs>Plant__c</tabs>
    <tabs>ToolingBaseChecklists__c</tabs>
    <tabs>Sales_Competency</tabs>
    <tabs>Development_Resource__c</tabs>
    <tabs>Sales_Competency_Rating__c</tabs>
    <tabs>NPS_Goals__c</tabs>
</CustomApplication>
