<?xml version="1.0" encoding="UTF-8"?>
<AuthProvider xmlns="http://soap.sforce.com/2006/04/metadata">
    <authorizeUrl>https://honeywellprod.sharepoint.com/teams/TS-SalesforceSupport/_layouts/15/OauthAuthorize.aspx</authorizeUrl>
    <consumerKey>474c6e5d-0801-40f7-a895-30692feddfcc</consumerKey>
    <consumerSecret>d3isoZAevdPWXcl8h0haoZnYBcuMhNB6xuhaFu6aT0jMpQdsO0Rnn+/5u7iw+Vku</consumerSecret>
    <friendlyName>SHP for SFDC Support</friendlyName>
    <includeOrgIdInIdentifier>false</includeOrgIdInIdentifier>
    <providerType>MicrosoftACS</providerType>
    <sendAccessTokenInHeader>false</sendAccessTokenInHeader>
    <sendClientCredentialsInHeader>false</sendClientCredentialsInHeader>
    <tokenUrl>https://accounts.accesscontrol.windows.net/honeywellprod.onmicrosoft.com/tokens/OAuth/2?resource=00000003-0000-0ff1-ce00-000000000000/honeywellprod.sharepoint.com@honeywellprod.onmicrosoft.com</tokenUrl>
</AuthProvider>
