<?xml version="1.0" encoding="UTF-8"?>
<AuthProvider xmlns="http://soap.sforce.com/2006/04/metadata">
    <authorizeUrl>https://honeywellprod.sharepoint.com/teams/GM/_layouts/15/OauthAuthorize.aspx</authorizeUrl>
    <consumerKey>23acd3f3-b231-4f4d-934c-ef44f7d94aad</consumerKey>
    <consumerSecret>ksDqF3tz250rzqwCOpcURIqBFrNiwJpYNBTVuLHb61xuIxs0d2QfVHldmNZ4gqQI</consumerSecret>
    <friendlyName>SHPtoSFC for GM</friendlyName>
    <includeOrgIdInIdentifier>false</includeOrgIdInIdentifier>
    <providerType>MicrosoftACS</providerType>
    <sendAccessTokenInHeader>false</sendAccessTokenInHeader>
    <sendClientCredentialsInHeader>false</sendClientCredentialsInHeader>
    <tokenUrl>https://accounts.accesscontrol.windows.net/honeywellprod.onmicrosoft.com/tokens/OAuth/2?resource=00000003-0000-0ff1-ce00-000000000000/honeywellprod.sharepoint.com@honeywellprod.onmicrosoft.com</tokenUrl>
</AuthProvider>
